Codigo municipio,Municipio,2015,2014,2013,2012,2011,2010,2009,2008,2007,2006,2005,2004,2003,2002,provincia,promedio,total_Suma_ano,pueblociudad,p33,p66,consumoProvincia,dif1502
20023,Berrobi,2411.14,8374.65,36029.7,37091.56,35876.25,37624.6,47023.18,58957.86,60024.39,64824.37,66353.73,68775.2,59297.3,68970.45,Gipuzkoa,46545.31285714286,651634.38,Pueblo,4173.691992857142,9100.15910714286,Alto,-66559.31
20003,Aizarnazabal,101231.41,106143.0,111945.62,95357.66,120703.86,127260.11,107453.11,136313.18,140479.44,139652.55,154155.67,159191.2,156092.21,166830.79,Gipuzkoa,130200.7007142857,1822809.8099999998,Ciudad,4173.691992857142,9100.15910714286,Alto,-65599.38
20018,Azpeitia,5297.03,5056.98,8354.2,12603.0,26063.97,49041.69,60215.32,57895.92,52615.77,55993.91,52811.26,56212.51,46566.32,45918.27,Gipuzkoa,38189.010714285716,534646.15,Pueblo,4173.691992857142,9100.15910714286,Alto,-40621.24
20058,Olaberria,641676.36,640347.72,584314.63,636580.32,611536.81,559803.66,376899.12,644624.13,733540.73,723935.14,705097.82,750196.53,722920.04,668938.96,Gipuzkoa,642886.5692857143,9000411.97,Ciudad,4173.691992857142,9100.15910714286,Alto,-27262.599999999977
20024,Bidania-Goiatz,11541.67,11310.44,10663.47,10841.22,11725.58,13278.9,14466.64,22180.6,28526.93,31688.04,32309.26,31557.25,30752.24,34126.41,Gipuzkoa,21069.18928571429,294968.65,Pueblo,4173.691992857142,9100.15910714286,Alto,-22584.740000000005
20074,Bergara,7759.32,7709.92,6994.57,7847.65,7729.88,7975.14,16293.64,28041.52,32198.76,31131.07,25345.4,33800.23,30963.79,29308.6,Gipuzkoa,19507.106428571427,273099.49,Pueblo,4173.691992857142,9100.15910714286,Alto,-21549.28
48097,Zaratamo,8136.56,7874.74,8535.16,9003.9,10258.36,11248.4,19911.73,16041.19,20960.07,25070.46,30022.39,29820.08,26768.73,25817.61,Bizkaia,17819.241428571433,249469.38000000006,Pueblo,3108.363542857143,6738.3684357142865,Alto,-17681.05
48029,Etxebarri,10735.8,9408.95,10463.81,12618.29,13689.44,15284.89,14992.94,21636.04,21586.78,22405.55,21953.66,22845.09,23083.15,24700.2,Bizkaia,17528.899285714284,245404.59,Pueblo,3108.363542857143,6738.3684357142865,Alto,-13964.400000000001
20044,Ikaztegieta,6150.02,6218.76,5936.7,6692.61,6237.16,5952.6,5288.08,6261.94,5675.88,4342.26,9524.21,10951.26,10173.54,19597.57,Gipuzkoa,7785.899285714286,109002.59,Pueblo,4173.691992857142,9100.15910714286,Medio,-13447.55
1058,Legutio,50151.14,50577.99,50211.83,52570.11,61092.11,59709.57,51795.41,73821.56,65992.58,64838.9,65680.94,65953.14,63040.52,63320.08,Álava,59911.134285714295,838755.8800000001,Ciudad,4090.7342857142858,10106.95,Alto,-13168.940000000002
20051,Legazpi,11022.51,11648.04,11130.05,10715.58,11228.48,10555.0,10081.78,26274.44,26100.03,25158.59,26566.6,30156.46,21909.74,23656.12,Gipuzkoa,18300.244285714285,256203.41999999998,Pueblo,4173.691992857142,9100.15910714286,Alto,-12633.609999999999
1018,Zigoitia,13224.36,13648.62,15038.86,15556.49,17391.52,18024.8,18739.66,21107.03,21575.98,23615.45,24836.76,25443.08,25999.79,25330.42,Álava,19966.630000000005,279532.82000000007,Pueblo,4090.7342857142858,10106.95,Alto,-12106.059999999998
20073,Usurbil,24989.53,26445.89,28509.97,30178.28,33446.31,34207.39,29758.37,38447.15,40096.1,38712.48,37266.9,37738.13,36219.34,36677.65,Gipuzkoa,33763.82071428571,472693.49,Pueblo,4173.691992857142,9100.15910714286,Alto,-11688.120000000003
48047,Gizaburuaga,11765.72,9622.7,10547.58,11806.22,14123.93,14185.67,13766.08,21070.71,20053.99,18300.14,18687.43,23560.53,25779.64,22355.8,Bizkaia,16830.43857142857,235626.14,Pueblo,3108.363542857143,6738.3684357142865,Alto,-10590.08
1054,Urkabustaiz,8140.13,8695.9,7896.32,8180.21,10230.35,9803.53,9381.26,13292.02,13823.28,13804.19,15384.16,16166.04,16829.73,18543.9,Álava,12155.072857142859,170171.02000000002,Pueblo,4090.7342857142858,10106.95,Alto,-10403.77
20080,Zumarraga,50697.97,49091.91,47509.1,49579.07,53585.17,56577.73,45270.76,45000.57,53834.12,59396.16,52384.14,54877.85,62683.29,61094.0,Gipuzkoa,52970.13142857143,741581.8400000001,Pueblo,4173.691992857142,9100.15910714286,Alto,-10396.029999999999
48080,Valle de Trápaga-Trapagaran,42946.57,43401.95,42633.48,41481.89,45744.67,44229.65,43052.29,59182.56,60877.18,61056.66,58027.18,57496.84,54707.66,51758.9,Bizkaia,50471.24857142858,706597.4800000001,Pueblo,3108.363542857143,6738.3684357142865,Alto,-8812.330000000002
48096,Zalla,11256.47,8962.9,9305.27,13835.64,14202.55,14961.63,18189.07,20512.74,20436.32,20279.37,19471.64,20493.24,20028.29,20008.6,Bizkaia,16567.409285714286,231943.72999999998,Pueblo,3108.363542857143,6738.3684357142865,Alto,-8752.13
48055,Lemoa,24575.03,21367.36,12157.83,17496.88,20135.27,26100.39,31426.6,34060.14,37860.52,39159.06,40097.36,31405.63,34458.45,33306.62,Bizkaia,28829.081428571426,403607.13999999996,Pueblo,3108.363542857143,6738.3684357142865,Alto,-8731.590000000004
48009,Arrankudiaga,5076.77,5068.77,5646.7,6213.87,6380.0,6645.11,7334.69,8392.49,10294.97,12396.05,12329.15,12645.13,13063.85,13630.98,Bizkaia,8937.037857142857,125118.53,Pueblo,3108.363542857143,6738.3684357142865,Alto,-8554.21
48059,Mañaria,8755.28,8072.47,7566.33,9954.17,10794.82,12990.84,13154.01,13505.89,15503.34,16321.52,15557.24,16173.36,17200.83,16797.23,Bizkaia,13024.80928571429,182347.33000000005,Pueblo,3108.363542857143,6738.3684357142865,Alto,-8041.949999999999
1037,Arraia-Maeztu,9771.7,10123.86,9568.78,11338.96,11324.11,13409.53,13792.57,16470.3,15448.71,18367.02,15177.55,16707.06,16570.68,16888.57,Álava,13925.67142857143,194959.40000000002,Pueblo,4090.7342857142858,10106.95,Alto,-7116.869999999999
20022,Berastegi,29352.11,29440.05,31125.51,32423.09,35350.66,37703.95,28175.14,35316.13,35847.63,37153.48,36772.53,38101.79,35907.47,36136.03,Gipuzkoa,34200.39785714286,478805.57000000007,Pueblo,4173.691992857142,9100.15910714286,Alto,-6783.919999999998
1001,Alegría-Dulantzi,6844.81,7461.74,7714.15,8335.28,8188.89,8497.26,8765.79,10862.13,10018.43,9552.51,9891.08,9432.47,9631.26,13465.61,Álava,9190.100714285714,128661.41,Pueblo,4090.7342857142858,10106.95,Medio,-6620.8
48094,Igorre,7340.65,7482.25,7932.78,9260.39,9295.73,9591.26,9511.79,11159.74,12945.34,13807.72,13694.3,13691.94,14224.59,13603.52,Bizkaia,10967.285714285714,153542.0,Pueblo,3108.363542857143,6738.3684357142865,Alto,-6262.870000000001
20017,Azkoitia,6923.16,7050.63,7157.02,6874.31,6928.69,6247.81,5975.94,6681.62,9891.76,13197.04,13336.83,14477.44,12813.71,12938.14,Gipuzkoa,9321.007142857145,130494.10000000002,Pueblo,4173.691992857142,9100.15910714286,Alto,-6014.98
20002,Aduna,31356.73,30456.01,31958.31,31283.9,30289.75,30512.82,29608.55,37226.58,37006.68,37842.85,36934.28,41027.15,36532.05,37132.9,Gipuzkoa,34226.32571428571,479168.56,Pueblo,4173.691992857142,9100.15910714286,Alto,-5776.170000000002
20038,Gabiria,3902.67,3700.68,3504.35,3642.95,3923.74,6638.31,7077.99,9831.93,10104.49,10374.18,9663.24,10083.13,10012.17,9549.24,Gipuzkoa,7286.362142857143,102009.07,Pueblo,4173.691992857142,9100.15910714286,Medio,-5646.57
20052,Legorreta,28656.92,28543.7,28417.91,26855.45,28356.8,31543.0,38383.0,27138.71,26631.05,35682.43,36671.71,26525.21,24096.42,34300.85,Gipuzkoa,30128.79714285714,421803.16,Pueblo,4173.691992857142,9100.15910714286,Alto,-5643.93
1047,Ribera Baja/Erribera Beitia,12622.16,11624.56,11149.53,13056.79,13988.89,16187.34,18123.63,21826.09,20361.12,19135.81,18315.09,18051.53,20663.05,17974.13,Álava,16648.551428571427,233079.72,Pueblo,4090.7342857142858,10106.95,Alto,-5351.970000000001
1008,Arratzua-Ubarrundia,11179.54,10977.37,11640.07,12517.32,13259.95,13452.49,13567.32,13109.32,12546.84,13711.32,13397.31,13921.89,15678.15,16391.12,Álava,13239.286428571428,185350.00999999998,Pueblo,4090.7342857142858,10106.95,Alto,-5211.579999999998
48084,Sestao,23249.01,24326.69,25279.31,14884.81,31357.58,38109.07,25467.27,41151.29,40898.46,37455.2,26542.78,35226.41,23933.3,28027.47,Bizkaia,29707.760714285716,415908.65,Pueblo,3108.363542857143,6738.3684357142865,Alto,-4778.460000000003
48904,Sondika,5779.67,5600.5,6388.26,6946.17,6915.63,7027.05,7161.73,7995.36,8473.76,8386.29,8459.95,9087.83,10645.13,10208.71,Bizkaia,7791.145714285715,109076.04000000001,Pueblo,3108.363542857143,6738.3684357142865,Alto,-4429.039999999999
20078,Zaldibia,4189.31,4064.31,4068.68,4036.37,4079.21,3599.1,3852.9,4606.74,4564.13,4375.17,4169.5,4056.0,4368.44,8489.84,Gipuzkoa,4465.692857142857,62519.7,Pueblo,4173.691992857142,9100.15910714286,Medio,-4300.53
20033,Elgeta,10341.84,11000.7,11116.96,10364.48,11116.97,11642.59,10359.21,13539.52,15517.89,15502.66,15669.39,15631.62,15129.09,14368.73,Gipuzkoa,12950.117857142859,181301.65000000002,Pueblo,4173.691992857142,9100.15910714286,Alto,-4026.8899999999994
20004,Albiztur,4403.23,3880.91,8297.03,10027.32,10499.8,10423.24,10556.58,10906.02,10611.05,10657.7,10318.57,8505.8,8789.97,8262.13,Gipuzkoa,9009.95357142857,126139.34999999999,Pueblo,4173.691992857142,9100.15910714286,Medio,-3858.8999999999996
48011,Arrigorriaga,6567.21,6681.25,6267.61,7032.52,6305.24,7219.35,8760.37,9965.6,10808.26,10343.93,10138.98,10618.69,9671.93,10324.0,Bizkaia,8621.781428571428,120704.94,Pueblo,3108.363542857143,6738.3684357142865,Alto,-3756.79
20075,Villabona,3239.46,3111.09,3310.14,3311.5,3482.04,3475.87,3392.93,3383.76,3476.76,3314.92,4338.6,7038.19,6826.24,6888.38,Gipuzkoa,4184.9914285714285,58589.88,Pueblo,4173.691992857142,9100.15910714286,Medio,-3648.92
48912,Alonsotegi,7325.72,7258.62,7465.17,6843.29,7686.73,9057.94,9871.74,11557.27,10189.12,10429.98,10179.93,10831.03,11215.78,10877.86,Bizkaia,9342.155714285713,130790.17999999998,Pueblo,3108.363542857143,6738.3684357142865,Alto,-3552.1400000000003
48092,Bedia,8603.51,7937.45,8360.39,9792.06,10207.42,10650.44,10084.7,13069.41,12247.27,11308.93,12243.9,12175.39,11580.27,11865.34,Bizkaia,10723.320000000002,150126.48,Pueblo,3108.363542857143,6738.3684357142865,Alto,-3261.83
1062,Zambrana,4192.68,4619.36,5610.75,4548.76,4665.81,5192.65,5710.84,8007.79,8562.14,9909.08,7684.88,7552.27,7899.74,7374.46,Álava,6537.943571428573,91531.21000000002,Pueblo,4090.7342857142858,10106.95,Medio,-3181.7799999999997
1901,Iruña Oka/Iruña de Oca,12371.37,11951.75,12011.74,11954.94,12034.63,11832.67,10699.48,13654.76,14889.3,15029.23,14357.8,14740.99,15186.37,15482.67,Álava,13299.835714285713,186197.69999999998,Pueblo,4090.7342857142858,10106.95,Alto,-3111.2999999999993
1002,Amurrio,34853.06,37074.09,30982.99,35669.11,35928.46,31691.73,24015.06,42183.94,40610.01,41131.61,39232.63,43639.7,39892.31,37963.07,Álava,36776.26928571429,514867.77,Pueblo,4090.7342857142858,10106.95,Alto,-3110.010000000002
48081,Lezama,4019.9,4399.67,4428.87,4368.91,4971.8,4755.78,5069.65,6752.8,6866.73,7020.51,7149.92,7685.63,6695.74,7089.46,Bizkaia,5805.383571428572,81275.37000000001,Pueblo,3108.363542857143,6738.3684357142865,Medio,-3069.56
1053,San Millán/Donemiliaga,9798.06,9906.85,8720.56,8661.31,11352.69,8471.01,9528.42,11384.1,16302.79,15040.42,10832.18,9496.79,12088.37,12749.64,Álava,11023.799285714285,154333.19,Pueblo,4090.7342857142858,10106.95,Alto,-2951.58
1004,Artziniega,4833.98,4819.31,5072.18,5394.72,5519.19,5655.8,5531.17,6617.42,6705.75,6954.01,7208.62,7791.74,7930.54,7760.0,Álava,6271.030714285714,87794.43,Pueblo,4090.7342857142858,10106.95,Medio,-2926.0200000000004
1006,Armiñón,12254.72,11627.59,9584.91,10399.56,11063.21,11221.45,9736.23,18389.87,33333.06,32029.19,19589.81,20001.04,17599.36,15127.3,Álava,16568.37857142857,231957.3,Pueblo,4090.7342857142858,10106.95,Alto,-2872.58
48005,Arakaldo,2528.04,3776.88,5492.16,6209.93,6814.61,8135.01,9924.32,10771.45,9613.96,7428.94,6186.52,6208.76,5454.97,5313.89,Bizkaia,6704.245714285715,93859.44,Pueblo,3108.363542857143,6738.3684357142865,Medio,-2785.8500000000004
20031,Elduain,10680.43,10439.82,11156.67,12090.4,12648.48,12418.74,12820.63,14799.19,14603.87,14101.92,14053.36,13492.57,14651.51,13323.57,Gipuzkoa,12948.654285714289,181281.16000000003,Pueblo,4173.691992857142,9100.15910714286,Alto,-2643.1399999999994
20053,Lezo,5707.27,5640.4,5780.49,6039.45,5995.38,6557.74,6477.36,7140.84,7307.75,6977.63,7317.92,6798.94,7705.85,8152.97,Gipuzkoa,6685.713571428573,93599.99000000002,Pueblo,4173.691992857142,9100.15910714286,Medio,-2445.7
48090,Balmaseda,7809.94,8369.39,8492.55,8995.19,8820.92,9096.21,8829.87,11038.31,10458.66,10467.06,9633.64,9978.6,8903.91,10225.3,Bizkaia,9365.682142857144,131119.55000000002,Pueblo,3108.363542857143,6738.3684357142865,Alto,-2415.3599999999997
48032,Elorrio,17417.47,17062.22,16884.75,18058.89,18481.17,18124.57,15146.63,25105.59,24845.94,23802.02,23325.21,22405.54,20028.79,19828.53,Bizkaia,20036.95142857143,280517.32,Pueblo,3108.363542857143,6738.3684357142865,Alto,-2411.0599999999977
20903,Astigarraga,5047.67,4745.28,4865.0,5631.53,5920.74,6243.7,6543.01,6738.65,6741.64,7091.37,7017.12,7093.6,7250.76,7300.63,Gipuzkoa,6302.192857142858,88230.70000000001,Pueblo,4173.691992857142,9100.15910714286,Medio,-2252.96
48915,Ziortza-Bolibar,2088.98,1967.21,2155.81,2258.48,1611.92,1765.8,1795.82,1758.68,1259.54,1315.58,2668.96,4714.38,4608.56,4248.04,Bizkaia,2444.1257142857144,34217.76,Pueblo,3108.363542857143,6738.3684357142865,Bajo,-2159.06
20071,Tolosa,1773.9,1667.35,1762.54,1778.96,1917.83,1928.24,3303.24,5414.36,3649.84,4062.46,4621.46,4476.38,3997.39,3876.97,Gipuzkoa,3159.3514285714286,44230.92,Pueblo,4173.691992857142,9100.15910714286,Bajo,-2103.0699999999997
1010,Ayala/Aiara,5589.6,5680.59,5913.09,6275.4,5933.83,5778.39,6006.18,7376.21,7340.46,6982.22,6423.41,6954.0,7211.6,7688.3,Álava,6510.948571428572,91153.28000000001,Pueblo,4090.7342857142858,10106.95,Medio,-2098.7
1021,Elburgo/Burgelu,2935.27,2893.53,2859.31,3592.02,4095.32,4288.39,4715.05,4154.42,4257.3,4629.79,4661.37,4953.54,4535.15,5002.74,Álava,4112.371428571429,57573.200000000004,Pueblo,4090.7342857142858,10106.95,Medio,-2067.47
20016,Aia,6830.56,7063.86,7381.57,7450.48,7597.1,7508.26,7420.62,9284.1,10350.79,10289.29,10580.32,10380.22,9616.06,8897.38,Gipuzkoa,8617.900714285715,120650.61000000002,Pueblo,4173.691992857142,9100.15910714286,Medio,-2066.819999999999
20047,Itsasondo,4251.79,4256.92,4375.37,4483.16,5095.96,4535.03,4863.44,5903.28,5433.31,4833.34,5660.78,6216.5,5757.56,6258.63,Gipuzkoa,5137.504999999999,71925.06999999999,Pueblo,4173.691992857142,9100.15910714286,Medio,-2006.8400000000001
48046,Gernika-Lumo,3168.26,3097.7,3134.28,3216.53,3237.45,3389.8,3424.65,3973.3,5451.39,5291.7,5358.01,5386.08,5186.05,5078.33,Bizkaia,4170.966428571429,58393.530000000006,Pueblo,3108.363542857143,6738.3684357142865,Medio,-1910.0699999999997
1003,Aramaio,1592.5,1607.83,1668.04,1448.28,1570.5,1462.92,2423.78,3701.04,3832.42,3547.12,3740.3,4074.74,3564.48,3471.46,Álava,2693.243571428571,37705.409999999996,Pueblo,4090.7342857142858,10106.95,Bajo,-1878.96
20011,Antzuola,7725.96,7855.34,8857.21,9841.92,8916.69,8356.85,7388.65,8921.58,8942.02,8783.12,8949.72,9472.43,9439.39,9485.39,Gipuzkoa,8781.162142857142,122936.26999999999,Pueblo,4173.691992857142,9100.15910714286,Medio,-1759.4299999999994
48045,Güeñes,3206.49,3211.66,3295.03,3559.47,3558.27,3662.59,4049.39,3958.4,4299.52,5435.77,5345.02,5343.07,5286.53,4879.89,Bizkaia,4220.792857142857,59091.1,Pueblo,3108.363542857143,6738.3684357142865,Medio,-1673.4000000000005
20034,Eskoriatza,24343.1,26404.62,27334.6,26727.62,30867.77,30190.14,26810.14,30076.88,31772.84,29682.03,30196.71,27323.29,28123.92,25979.69,Gipuzkoa,28273.81071428571,395833.35,Pueblo,4173.691992857142,9100.15910714286,Alto,-1636.5900000000001
20046,Irura,11438.3,11167.63,11138.22,11238.41,11039.21,10554.19,11903.62,15281.11,15847.61,15351.91,15070.71,15283.15,13370.82,13035.49,Gipuzkoa,12980.027142857141,181720.37999999998,Pueblo,4173.691992857142,9100.15910714286,Alto,-1597.1900000000005
48056,Lemoiz,2288.63,2386.38,2631.28,2979.63,2572.91,2620.58,2475.6,2558.55,2559.3,2569.35,4341.46,5183.26,3703.53,3783.69,Bizkaia,3046.725,42654.15,Pueblo,3108.363542857143,6738.3684357142865,Bajo,-1495.06
48072,Otxandio,4202.3,4350.83,4357.62,4199.78,4330.97,4330.62,4512.65,5455.31,5837.27,5321.34,5616.87,5666.85,5522.42,5661.59,Bizkaia,4954.744285714284,69366.41999999998,Pueblo,3108.363542857143,6738.3684357142865,Medio,-1459.29
48039,Garai,6111.18,6456.66,5164.86,6197.99,5544.79,6491.88,8257.44,7164.51,7428.52,7645.72,8183.54,8669.15,5266.69,7553.8,Bizkaia,6866.909285714285,96136.73,Pueblo,3108.363542857143,6738.3684357142865,Alto,-1442.62
48003,Amorebieta-Etxano,11817.98,11374.13,11298.3,11564.69,11367.16,11571.38,11101.44,14162.03,14282.98,14261.3,14104.71,13906.98,13453.65,13256.15,Bizkaia,12680.205714285714,177522.88,Pueblo,3108.363542857143,6738.3684357142865,Alto,-1438.17
48076,Sukarrieta,4648.63,4683.58,5048.18,4607.4,4779.73,5113.21,5113.65,5894.7,5736.38,5261.64,5569.98,5409.26,5746.22,5973.28,Bizkaia,5256.131428571427,73585.83999999998,Pueblo,3108.363542857143,6738.3684357142865,Medio,-1324.6499999999996
1042,Okondo,10414.84,10081.33,9119.08,9433.46,9762.66,9965.11,10583.37,13158.19,13484.56,13600.71,13531.73,11535.58,12039.39,11711.46,Álava,11315.819285714286,158421.47,Pueblo,4090.7342857142858,10106.95,Alto,-1296.619999999999
20063,Oiartzun,7092.85,6862.17,7068.54,7829.4,8132.67,8439.17,8228.82,8728.36,8793.72,8674.51,8139.91,8158.81,8116.75,8354.69,Gipuzkoa,8044.312142857142,112620.37,Pueblo,4173.691992857142,9100.15910714286,Medio,-1261.8400000000001
48018,Berriatua,22628.11,21439.75,20483.1,20822.62,21374.97,20384.87,18061.51,20796.49,21597.21,21452.23,21323.74,20843.51,20712.47,23857.5,Bizkaia,21127.00571428571,295778.07999999996,Pueblo,3108.363542857143,6738.3684357142865,Alto,-1229.3899999999994
48069,Mungia,4587.82,4613.42,4797.01,5018.86,5161.62,5355.42,5451.9,5892.42,5822.7,5970.87,5964.51,5965.05,5824.63,5800.5,Bizkaia,5444.766428571429,76226.73000000001,Pueblo,3108.363542857143,6738.3684357142865,Medio,-1212.6800000000003
20025,Zegama,4596.11,4879.02,4568.03,4435.04,4382.84,4464.81,5051.71,6397.34,6192.2,6653.6,5382.61,5406.96,5389.19,5788.06,Gipuzkoa,5256.251428571428,73587.51999999999,Pueblo,4173.691992857142,9100.15910714286,Medio,-1191.9500000000007
20077,Urretxu,2991.96,2930.98,2959.12,3009.32,3115.71,3090.44,3257.34,3475.58,3302.03,3737.23,4060.22,4169.52,4261.67,4102.89,Gipuzkoa,3461.7149999999997,48464.009999999995,Pueblo,4173.691992857142,9100.15910714286,Bajo,-1110.9300000000003
48074,Urduña/Orduña,2463.28,2535.2,2736.32,2756.07,2814.63,3137.38,3081.09,3367.96,3528.19,3385.67,3604.22,3087.81,3115.75,3563.37,Bizkaia,3084.067142857143,43176.94,Pueblo,3108.363542857143,6738.3684357142865,Bajo,-1100.0899999999997
20029,Deba,8482.75,9324.49,8951.59,10303.61,11218.49,11171.58,11303.61,13861.71,13571.5,12926.14,11540.31,11151.94,9937.08,9563.51,Gipuzkoa,10950.59357142857,153308.30999999997,Pueblo,4173.691992857142,9100.15910714286,Alto,-1080.7600000000002
48070,Aulesti,2713.27,2824.08,3362.3,3289.36,3304.47,3658.06,2932.85,3300.59,2514.35,3499.06,3390.51,3281.66,3304.5,3747.77,Bizkaia,3223.059285714285,45122.829999999994,Pueblo,3108.363542857143,6738.3684357142865,Medio,-1034.5
20009,Andoain,6684.65,6295.73,6296.04,6142.61,5567.98,5610.61,5502.34,6132.15,6615.28,7803.3,7515.24,7359.02,7673.3,7670.34,Gipuzkoa,6633.470714285714,92868.59,Pueblo,4173.691992857142,9100.15910714286,Medio,-985.6900000000005
1020,Kuartango,5067.42,4976.81,6295.01,5166.1,6045.26,6304.43,5869.65,6240.57,6643.11,10149.36,7734.21,12435.24,3980.8,6013.8,Álava,6637.269285714287,92921.77000000002,Pueblo,4090.7342857142858,10106.95,Medio,-946.3800000000001
20021,Belauntza,9794.89,11234.23,10437.37,10128.64,10356.45,9192.49,9325.6,10631.25,10818.86,10564.54,11342.38,12222.13,11476.59,10691.1,Gipuzkoa,10586.894285714287,148216.52000000002,Pueblo,4173.691992857142,9100.15910714286,Alto,-896.210000000001
20013,Aretxabaleta,5698.65,5452.84,5429.09,5358.68,5009.54,5157.49,4823.82,5614.01,6497.16,6743.11,6695.05,6869.81,6642.22,6509.49,Gipuzkoa,5892.925714285715,82500.96,Pueblo,4173.691992857142,9100.15910714286,Medio,-810.8400000000001
48040,Gatika,2829.74,2750.59,2979.86,3503.28,3258.26,3066.17,3490.48,4276.54,3756.51,3926.32,3642.92,3535.69,3316.72,3621.95,Bizkaia,3425.3592857142858,47955.03,Pueblo,3108.363542857143,6738.3684357142865,Medio,-792.21
1043,Oyón-Oion,8897.82,8360.86,7992.39,7824.39,7921.03,8297.79,8159.05,9414.67,9170.04,9153.78,9038.72,9677.38,10202.44,9688.61,Álava,8842.783571428572,123798.97000000002,Pueblo,4090.7342857142858,10106.95,Medio,-790.7900000000009
20027,Zestoa,7846.45,7938.17,11349.2,13628.96,14020.52,11725.26,13381.02,18566.96,15553.47,10711.58,9958.57,9833.99,9291.0,8607.25,Gipuzkoa,11600.885714285714,162412.4,Pueblo,4173.691992857142,9100.15910714286,Alto,-760.8000000000002
48054,Leioa,4538.67,4602.27,4790.25,5115.72,5645.22,6067.46,5572.05,6295.92,5920.9,5862.99,5864.55,5812.37,5684.76,5298.83,Bizkaia,5505.139999999999,77071.95999999999,Pueblo,3108.363542857143,6738.3684357142865,Medio,-760.1599999999999
20068,Leintz-Gatzaga,2135.73,2093.93,2007.12,1943.3,2089.57,2072.49,1977.4,9105.2,9170.45,9140.43,3389.13,3366.27,3323.32,2844.44,Gipuzkoa,3904.1985714285706,54658.77999999999,Pueblo,4173.691992857142,9100.15910714286,Bajo,-708.71
48027,Durango,3071.71,3023.36,3093.55,3194.2,3179.78,3284.69,3296.86,3642.62,3767.12,3831.32,3818.5,3898.8,3758.26,3735.96,Bizkaia,3471.195,48596.73,Pueblo,3108.363542857143,6738.3684357142865,Medio,-664.25
48013,Barakaldo,5179.02,5132.97,5171.66,5205.06,5625.49,5687.65,5640.49,6104.49,5993.41,6279.99,6371.27,6231.95,5981.52,5837.46,Bizkaia,5745.887857142858,80442.43000000001,Pueblo,3108.363542857143,6738.3684357142865,Medio,-658.4399999999996
48019,Berriz,6336.06,6183.35,6299.19,6284.32,6736.8,6456.05,5834.01,7394.38,7495.16,7457.21,7011.79,7565.96,7110.94,6985.35,Bizkaia,6796.469285714286,95150.57,Pueblo,3108.363542857143,6738.3684357142865,Alto,-649.29
48079,Errigoiti,2143.21,2257.89,2218.9,2396.28,2527.01,2673.46,2950.03,2705.27,3093.99,2597.32,2710.66,2671.82,2591.42,2772.75,Bizkaia,2593.572142857143,36310.01,Pueblo,3108.363542857143,6738.3684357142865,Bajo,-629.54
48037,Galdames,3721.51,3793.19,3438.74,3749.9,3995.28,4650.17,4901.87,5699.67,5101.62,4039.86,4501.16,4276.4,4328.91,4344.83,Bizkaia,4324.507857142858,60543.11,Pueblo,3108.363542857143,6738.3684357142865,Medio,-623.3199999999997
1009,Asparrena,22925.08,23079.3,23491.87,22818.89,23860.49,23692.38,21624.01,23840.54,23697.27,23930.85,24256.1,25134.82,24252.29,23539.55,Álava,23581.674285714285,330143.44,Pueblo,4090.7342857142858,10106.95,Alto,-614.4699999999975
20006,Alkiza,1847.12,1749.31,1790.46,1840.93,2257.17,2414.52,2505.13,2760.22,2764.12,2621.5,2752.75,2719.15,2702.07,2413.43,Gipuzkoa,2366.9914285714285,33137.88,Pueblo,4173.691992857142,9100.15910714286,Bajo,-566.31
20049,Lazkao,4477.69,4076.83,4169.21,4312.87,4337.4,4377.7,4564.72,5583.45,6285.59,6742.24,6044.58,5848.33,5173.73,5027.25,Gipuzkoa,5072.970714285715,71021.59000000001,Pueblo,4173.691992857142,9100.15910714286,Medio,-549.5600000000004
48049,Ispaster,2623.96,2434.22,2835.39,3155.92,3100.48,3077.2,3089.54,3397.69,3263.0,3221.47,3121.92,3053.75,3404.19,3161.64,Bizkaia,3067.1692857142857,42940.37,Pueblo,3108.363542857143,6738.3684357142865,Bajo,-537.6799999999998
48085,Sopela,3229.62,3355.76,3664.52,3762.24,3771.48,3859.36,3682.41,3993.15,3985.01,4192.51,4168.47,4038.47,3768.45,3762.06,Bizkaia,3802.3935714285717,53233.51,Pueblo,3108.363542857143,6738.3684357142865,Medio,-532.44
20001,Abaltzisketa,1775.42,1976.36,2334.03,2674.67,2093.31,2324.47,2193.65,2301.17,2612.19,2015.6,2270.07,2186.96,2311.37,2289.61,Gipuzkoa,2239.9199999999996,31358.879999999994,Pueblo,4173.691992857142,9100.15910714286,Bajo,-514.19
20906,Altzaga,1937.81,1928.58,1871.21,2244.02,2153.93,2308.54,1912.57,2545.16,2095.06,1988.41,1985.97,1169.77,3378.82,2426.39,Gipuzkoa,2139.017142857143,29946.24,Pueblo,4173.691992857142,9100.15910714286,Bajo,-488.5799999999999
20056,Mutriku,2931.63,2865.71,2963.17,3203.5,3184.58,3419.63,3500.44,3441.5,3659.96,3745.66,3539.76,3527.57,3488.43,3402.48,Gipuzkoa,3348.144285714286,46874.020000000004,Pueblo,4173.691992857142,9100.15910714286,Bajo,-470.8499999999999
48010,Arrieta,2751.62,2787.58,2915.99,3210.32,3333.42,3543.72,4071.71,3604.47,3836.37,3780.32,4590.99,2267.14,3387.03,3215.58,Bizkaia,3378.3042857142855,47296.259999999995,Pueblo,3108.363542857143,6738.3684357142865,Medio,-463.96000000000004
20076,Ordizia,5549.05,5352.69,5528.42,5486.03,5818.7,5793.77,5677.17,6175.89,6126.66,6469.37,6379.89,6511.42,6368.53,6008.95,Gipuzkoa,5946.181428571429,83246.54000000001,Pueblo,4173.691992857142,9100.15910714286,Medio,-459.89999999999964
48086,Sopuerta,2488.1,2584.58,2750.46,2800.55,2905.62,3242.23,3373.54,3538.36,3482.28,3081.06,3204.88,3269.69,3034.95,2939.53,Bizkaia,3049.702142857143,42695.83,Pueblo,3108.363542857143,6738.3684357142865,Bajo,-451.4300000000003
48902,Erandio,5165.83,4884.95,5037.69,5186.48,5600.65,5496.69,5857.77,6110.11,6053.32,5895.03,5855.67,5665.95,5349.59,5559.26,Bizkaia,5551.356428571428,77718.98999999999,Pueblo,3108.363542857143,6738.3684357142865,Medio,-393.4300000000003
1063,Zuia,3475.49,3452.86,3585.49,3526.35,3733.28,3897.58,3880.25,4097.61,4205.7,4150.84,4064.04,4112.3,3967.08,3855.15,Álava,3857.4300000000003,54004.020000000004,Pueblo,4090.7342857142858,10106.95,Bajo,-379.6600000000003
20032,Elgoibar,8139.83,7614.33,8036.06,8197.04,8314.2,8503.49,7613.66,9653.39,9553.05,9228.16,9354.18,9380.02,8900.9,8447.91,Gipuzkoa,8638.301428571429,120936.22000000002,Pueblo,4173.691992857142,9100.15910714286,Medio,-308.0799999999999
48077,Plentzia,2571.43,2572.19,2672.5,2692.95,2687.12,2846.83,2830.04,3091.36,2867.37,2918.06,2854.57,2956.18,3022.15,2863.67,Bizkaia,2817.6014285714286,39446.42,Pueblo,3108.363542857143,6738.3684357142865,Bajo,-292.24000000000024
20048,Larraul,1674.55,1668.96,1766.28,1951.52,1930.52,2082.68,2177.75,2463.23,2115.09,2319.63,2352.1,2205.23,1979.05,1957.89,Gipuzkoa,2046.0342857142857,28644.48,Pueblo,4173.691992857142,9100.15910714286,Bajo,-283.34000000000015
20079,Zarautz,3343.56,3192.66,3420.62,3550.26,3479.76,3677.39,3781.03,3794.76,3871.54,3736.36,3820.81,3850.67,3683.51,3624.67,Gipuzkoa,3630.542857142857,50827.6,Pueblo,4173.691992857142,9100.15910714286,Bajo,-281.1100000000001
20030,Eibar,3413.45,3434.62,3614.2,3734.87,3851.55,3908.14,3697.74,3864.03,3954.62,4041.61,3972.93,3879.62,3692.67,3691.04,Gipuzkoa,3767.9350000000004,52751.090000000004,Pueblo,4173.691992857142,9100.15910714286,Bajo,-277.59000000000015
48036,Galdakao,4537.66,4361.07,4469.39,4850.03,5122.99,5045.5,4877.65,5387.84,5505.92,5354.08,5217.44,5125.0,4959.26,4806.86,Bizkaia,4972.9064285714285,69620.69,Pueblo,3108.363542857143,6738.3684357142865,Medio,-269.1999999999998
20060,Orexa,2267.2,2263.61,2394.92,2492.08,2463.9,2447.22,2357.97,2418.59,2426.81,2568.43,2525.09,2526.93,2603.8,2533.74,Gipuzkoa,2449.3064285714286,34290.29,Pueblo,4173.691992857142,9100.15910714286,Bajo,-266.53999999999996
1013,Barrundia,2934.07,2887.89,2806.21,3180.46,3089.33,3275.26,3300.92,3564.75,3454.73,3270.72,3076.69,3055.35,2849.23,3175.38,Álava,3137.2135714285714,43920.99,Pueblo,4090.7342857142858,10106.95,Bajo,-241.30999999999995
48053,Laukiz,2521.3,2612.34,2696.93,2736.48,2942.31,3080.35,3230.93,3235.33,3016.17,3132.57,3237.77,3147.06,2952.56,2760.56,Bizkaia,2950.1899999999996,41302.659999999996,Pueblo,3108.363542857143,6738.3684357142865,Bajo,-239.25999999999976
1017,Campezo/Kanpezu,5417.35,4900.28,4987.29,5183.28,5493.85,5449.37,6058.68,6679.48,6514.6,6323.33,6354.66,6141.29,5624.18,5625.68,Álava,5768.0942857142845,80753.31999999998,Pueblo,4090.7342857142858,10106.95,Medio,-208.32999999999993
20012,Arama,2972.4,3030.01,3182.53,3751.03,3833.31,4028.26,4235.39,5731.23,5427.34,3964.89,4221.2,4254.31,3823.65,3178.7,Gipuzkoa,3973.8749999999995,55634.24999999999,Pueblo,4173.691992857142,9100.15910714286,Bajo,-206.29999999999973
48075,Orozko,7233.31,7141.23,7228.93,7611.4,7475.22,7926.12,7945.46,8311.3,7374.12,7447.84,7376.85,7398.08,7714.64,7398.38,Bizkaia,7541.634285714286,105582.88,Pueblo,3108.363542857143,6738.3684357142865,Alto,-165.0699999999997
20062,Ormaiztegi,8237.24,8037.56,8115.23,8393.74,8293.32,9449.08,8703.4,9668.82,9707.6,9422.31,9471.08,9026.81,8640.96,8393.87,Gipuzkoa,8825.787142857142,123561.01999999999,Pueblo,4173.691992857142,9100.15910714286,Medio,-156.63000000000102
20905,Orendain,2610.93,2721.2,2977.19,3507.15,2992.09,2687.57,3146.05,3435.87,3691.8,2658.68,2772.93,2657.33,2376.16,2738.88,Gipuzkoa,2926.7021428571425,40973.829999999994,Pueblo,4173.691992857142,9100.15910714286,Bajo,-127.95000000000027
48035,Fruiz,1983.64,1822.68,1862.13,2248.77,2213.02,2190.83,2499.9,2623.31,2562.89,2219.59,2095.4,2301.53,1972.0,2101.1,Bizkaia,2192.627857142857,30696.79,Pueblo,3108.363542857143,6738.3684357142865,Bajo,-117.45999999999981
20061,Orio,2637.76,2540.69,2667.71,2902.53,2941.61,3033.43,3279.75,3189.77,3123.45,3090.38,2891.25,2985.42,2803.19,2755.11,Gipuzkoa,2917.289285714286,40842.05,Pueblo,4173.691992857142,9100.15910714286,Bajo,-117.34999999999991
48061,Maruri-Jatabe,2274.9,2279.87,2336.06,2393.4,2678.34,2676.77,2889.2,2649.35,2645.19,2554.86,2515.76,2381.12,2298.22,2379.31,Bizkaia,2496.5964285714285,34952.35,Pueblo,3108.363542857143,6738.3684357142865,Bajo,-104.40999999999985
20064,Pasaia,2287.87,2275.22,2379.9,2422.32,2439.38,2556.85,2674.46,2578.03,2553.71,2409.62,2432.17,2460.82,2293.41,2387.12,Gipuzkoa,2439.348571428571,34150.88,Pueblo,4173.691992857142,9100.15910714286,Bajo,-99.25
48014,Barrika,2548.99,2555.73,2663.78,2725.45,2846.11,3032.78,2934.17,2960.62,2796.88,2758.47,2781.45,2769.24,2584.53,2610.95,Bizkaia,2754.9392857142857,38569.15,Pueblo,3108.363542857143,6738.3684357142865,Bajo,-61.960000000000036
1041,Navaridas,1783.43,1853.26,1868.78,1957.14,1985.35,2070.67,1941.88,2077.65,1803.8,2061.8,2054.27,1923.25,1893.03,1839.29,Álava,1936.6857142857145,27113.600000000002,Pueblo,4090.7342857142858,10106.95,Bajo,-55.8599999999999
1059,Vitoria-Gasteiz,5221.96,5187.42,5357.59,5554.48,5835.06,5759.35,5521.25,6433.85,5387.79,5225.4,5227.03,5240.3,4975.4,5272.21,Álava,5442.792142857143,76199.09,Pueblo,4090.7342857142858,10106.95,Medio,-50.25
48088,Ubide,2115.77,2062.96,2236.44,2318.91,2451.89,2570.44,2400.57,2539.14,2558.79,2582.33,2530.92,2617.4,2421.28,2150.09,Bizkaia,2396.923571428571,33556.92999999999,Pueblo,3108.363542857143,6738.3684357142865,Bajo,-34.320000000000164
20065,Soraluze-Placencia de las Armas,5098.81,4946.2,5266.98,5248.63,5231.64,5274.85,4630.84,5783.46,6100.83,5804.79,5617.66,5627.23,5147.84,5117.92,Gipuzkoa,5349.834285714285,74897.68,Pueblo,4173.691992857142,9100.15910714286,Medio,-19.109999999999673
48057,Lekeitio,2436.53,2348.15,2495.37,2516.3,2559.3,2630.57,2578.83,2736.95,2827.93,2744.41,2746.41,2715.31,2637.75,2455.6,Bizkaia,2602.1007142857147,36429.41,Pueblo,3108.363542857143,6738.3684357142865,Bajo,-19.06999999999971
48025,Zeberio,3111.46,3087.4,2968.24,2981.2,3227.85,3114.47,2860.75,3295.44,3335.22,3278.23,3098.9,3222.07,3046.1,3089.53,Bizkaia,3122.6328571428567,43716.85999999999,Pueblo,3108.363542857143,6738.3684357142865,Medio,21.929999999999836
1061,Zalduondo,1925.7,1828.5,1790.05,1953.0,2004.62,2206.62,2298.52,2199.41,2182.44,2250.42,2285.78,2055.69,2007.44,1903.44,Álava,2063.6878571428565,28891.629999999994,Pueblo,4090.7342857142858,10106.95,Bajo,22.25999999999999
20019,Beasain,8010.35,8106.06,8348.62,8606.48,8911.88,8304.03,8262.98,8705.93,8204.56,8349.87,8099.58,7596.02,7974.18,7965.78,Gipuzkoa,8246.165714285713,115446.31999999998,Pueblo,4173.691992857142,9100.15910714286,Medio,44.57000000000062
48065,Ugao-Miraballes,3657.12,3795.05,3767.9,3912.15,3927.73,4066.73,4225.42,4237.62,4239.57,4302.56,4071.59,4134.76,3827.83,3609.34,Bizkaia,3983.9549999999995,55775.369999999995,Pueblo,3108.363542857143,6738.3684357142865,Medio,47.779999999999745
1019,Kripan,2814.74,2880.51,2795.5,2614.13,3055.67,3196.73,3325.69,4503.79,1987.62,3098.96,2704.67,2855.53,2712.15,2763.6,Álava,2950.6635714285717,41309.29,Pueblo,4090.7342857142858,10106.95,Bajo,51.13999999999987
48093,Areatza,2372.51,2315.0,2264.78,2461.49,2441.8,2670.0,2726.93,2469.66,2382.93,2438.67,2468.01,2414.82,2342.52,2303.47,Bizkaia,2433.756428571429,34072.590000000004,Pueblo,3108.363542857143,6738.3684357142865,Bajo,69.04000000000042
1056,Harana/Valle de Arana,2837.6,2891.2,2755.95,2961.5,3027.94,2877.17,3176.8,3010.72,3073.41,3011.88,2864.4,2968.67,3027.27,2762.65,Álava,2946.2257142857147,41247.16,Pueblo,4090.7342857142858,10106.95,Bajo,74.94999999999982
48020,Bilbao,3048.78,3070.4,3186.39,3227.04,3221.24,3272.67,3352.2,3337.91,3279.25,3306.27,3316.47,3125.36,3012.34,2966.47,Bizkaia,3194.4850000000006,44722.79000000001,Pueblo,3108.363542857143,6738.3684357142865,Medio,82.3100000000004
48044,Getxo,2226.08,2093.94,2139.15,2194.16,2288.27,2215.86,2462.04,2359.89,2279.05,2341.6,2243.25,2271.01,2179.87,2137.85,Bizkaia,2245.144285714285,31432.019999999993,Pueblo,3108.363542857143,6738.3684357142865,Bajo,88.23000000000002
48064,Meñaka,2189.39,2169.38,2151.37,2279.86,2286.64,2282.75,2397.88,2161.61,2070.06,2142.98,2097.26,2120.76,2082.97,2092.89,Bizkaia,2180.414285714286,30525.800000000003,Pueblo,3108.363542857143,6738.3684357142865,Bajo,96.5
20070,Segura,3231.69,3270.92,3154.79,3303.37,3319.37,3302.84,3387.46,4119.8,4089.41,4091.33,3787.01,3481.54,3123.78,3120.25,Gipuzkoa,3484.54,48783.56,Pueblo,4173.691992857142,9100.15910714286,Bajo,111.44000000000005
48022,Karrantza Harana/Valle de Carranza,3091.08,3764.23,4270.6,5126.9,5980.06,6200.58,6226.52,5603.13,5659.24,5455.66,4743.28,3382.57,3152.29,2979.05,Bizkaia,4688.227857142857,65635.19,Pueblo,3108.363542857143,6738.3684357142865,Medio,112.02999999999975
20037,Gaintza,2293.17,2141.07,1992.69,2018.91,1858.23,1953.16,2207.79,2111.88,2149.24,1975.12,2029.54,1907.56,1628.62,2177.9,Gipuzkoa,2031.777142857143,28444.88,Pueblo,4173.691992857142,9100.15910714286,Bajo,115.26999999999998
20902,Lasarte-Oria,2199.16,2160.11,2173.57,2319.67,2324.6,2387.49,2538.48,2474.51,2448.33,2491.28,2388.27,2356.31,2166.37,2081.16,Gipuzkoa,2322.093571428571,32509.309999999998,Pueblo,4173.691992857142,9100.15910714286,Bajo,118.0
48089,Urduliz,3657.16,3467.75,3552.88,3995.03,4009.9,3990.54,4099.69,4271.4,4065.6,3852.53,3893.95,2177.56,5597.4,3524.73,Bizkaia,3868.2942857142853,54156.119999999995,Pueblo,3108.363542857143,6738.3684357142865,Medio,132.42999999999984
20045,Irun,3901.66,3800.79,3838.86,3951.51,4010.34,4112.96,4248.3,4356.23,4430.97,4610.41,4262.34,4389.95,3961.31,3758.5,Gipuzkoa,4116.723571428571,57634.12999999999,Pueblo,4173.691992857142,9100.15910714286,Bajo,143.15999999999985
48073,Ondarroa,2854.59,2750.57,2865.97,2857.9,2895.06,3086.7,2846.53,2858.65,2814.87,2973.47,2664.67,2756.06,2625.29,2704.48,Bizkaia,2825.343571428571,39554.81,Pueblo,3108.363542857143,6738.3684357142865,Bajo,150.11000000000013
20036,Hondarribia,3199.84,3145.49,3114.66,3331.57,3279.59,3302.06,3504.17,3402.57,3318.8,3264.6,3306.28,3304.91,3095.83,3046.82,Gipuzkoa,3258.370714285714,45617.189999999995,Pueblo,4173.691992857142,9100.15910714286,Bajo,153.01999999999998
48042,Gordexola,2799.67,3028.98,2992.9,3108.58,3475.7,2626.11,3043.94,3037.92,3039.04,2660.77,2748.41,2756.79,2749.44,2627.71,Bizkaia,2906.8542857142857,40695.96,Pueblo,3108.363542857143,6738.3684357142865,Bajo,171.96000000000004
48031,Elantxobe,2104.57,2144.44,2370.7,2267.04,2291.43,2338.41,2257.9,2184.96,2355.51,2207.72,2149.2,2031.64,2108.83,1900.05,Bizkaia,2193.742857142857,30712.399999999998,Pueblo,3108.363542857143,6738.3684357142865,Bajo,204.5200000000002
1055,Valdegovía/Gaubea,5020.02,4712.08,4962.16,4872.65,5321.85,5355.76,5263.92,4785.79,4606.98,4930.58,5821.61,5160.61,5261.93,4810.46,Álava,5063.314285714287,70886.40000000001,Pueblo,4090.7342857142858,10106.95,Medio,209.5600000000004
20069,Donostia / San Sebastián,3811.57,3738.38,3782.43,3990.74,4082.84,4135.71,4190.41,4181.91,4144.11,4081.55,3929.34,3878.73,3666.78,3588.09,Gipuzkoa,3943.0421428571435,55202.59000000001,Pueblo,4173.691992857142,9100.15910714286,Bajo,223.48000000000002
48078,Portugalete,2200.96,2227.54,2187.7,2196.7,2292.5,2346.23,2523.57,2291.4,1999.15,2075.53,1975.36,1959.07,1869.92,1976.36,Bizkaia,2151.570714285714,30121.989999999998,Pueblo,3108.363542857143,6738.3684357142865,Bajo,224.60000000000014
48907,Kortezubi,2660.54,2591.34,2737.19,2888.85,2723.01,2909.64,2936.91,2997.31,3093.59,3148.43,2602.3,2903.91,2657.88,2407.37,Bizkaia,2804.162142857143,39258.270000000004,Pueblo,3108.363542857143,6738.3684357142865,Bajo,253.17000000000007
48016,Berango,3386.05,3434.64,3629.05,3567.45,3513.22,3641.04,3582.71,3007.41,2982.73,3027.48,3056.34,3389.1,2926.37,3131.24,Bizkaia,3305.3450000000007,46274.83000000001,Pueblo,3108.363542857143,6738.3684357142865,Medio,254.8100000000004
48038,Gamiz-Fika,2381.52,2399.45,2440.67,2429.6,2485.77,2521.95,2724.76,2567.65,2494.09,2553.65,2352.16,2438.03,2349.48,2119.62,Bizkaia,2447.0285714285715,34258.4,Pueblo,3108.363542857143,6738.3684357142865,Bajo,261.9000000000001
1028,Labastida/Bastida,4864.99,4872.92,4803.41,5028.67,5408.88,5557.27,5710.01,5487.21,5050.14,4600.25,4488.01,4504.81,4529.72,4579.3,Álava,4963.256428571428,69485.59,Pueblo,4090.7342857142858,10106.95,Medio,285.6899999999996
20020,Beizama,2192.49,2185.08,2148.61,2199.79,2598.83,2531.92,2202.57,2502.14,2724.39,2719.66,2522.06,2302.38,2132.46,1903.21,Gipuzkoa,2347.542142857143,32865.590000000004,Pueblo,4173.691992857142,9100.15910714286,Bajo,289.27999999999975
48062,Mendata,1904.64,2004.44,2072.02,2125.72,2199.89,1982.41,2006.63,2152.52,2074.37,1931.15,1961.17,1866.15,1745.38,1606.09,Bizkaia,1973.7557142857145,27632.58,Pueblo,3108.363542857143,6738.3684357142865,Bajo,298.5500000000002
48083,Ortuella,3441.9,3415.06,3529.04,3553.76,3609.09,3751.22,3819.81,3965.56,3908.43,3803.9,3465.85,3208.79,3142.68,3123.67,Bizkaia,3552.7685714285717,49738.76,Pueblo,3108.363542857143,6738.3684357142865,Medio,318.23
48909,Nabarniz,2264.11,2219.34,2219.16,2426.84,2535.56,2574.46,2274.18,2530.73,2474.83,2442.05,2050.41,1961.48,1868.42,1927.42,Bizkaia,2269.2135714285714,31768.989999999998,Pueblo,3108.363542857143,6738.3684357142865,Bajo,336.69000000000005
1027,Iruraiz-Gauna,2268.69,2086.81,2058.93,2183.07,2066.88,2210.4,2216.81,2251.99,2303.87,1969.35,1873.85,1967.35,1703.35,1927.53,Álava,2077.7771428571423,29088.879999999994,Pueblo,4090.7342857142858,10106.95,Bajo,341.1600000000001
48043,Gorliz,2913.3,2911.11,3031.69,3115.94,3165.53,3256.32,3251.12,3160.5,3047.6,2767.02,2714.05,2756.62,2675.38,2559.48,Bizkaia,2951.8328571428574,41325.66,Pueblo,3108.363542857143,6738.3684357142865,Bajo,353.82000000000016
48066,Morga,2267.19,2320.75,2297.22,2639.29,2672.0,2431.75,2570.28,2321.47,2338.89,2171.14,2094.69,2145.16,2022.13,1899.03,Bizkaia,2299.3564285714283,32190.989999999998,Pueblo,3108.363542857143,6738.3684357142865,Bajo,368.1600000000001
48017,Bermeo,2765.8,2652.2,2618.19,2729.63,2713.96,2802.88,2939.24,2788.59,2706.41,2735.07,2602.0,2531.72,2395.7,2392.38,Bizkaia,2669.555,37373.77,Pueblo,3108.363542857143,6738.3684357142865,Bajo,373.4200000000001
48021,Busturia,2401.2,2366.61,2340.16,2545.96,2499.19,2617.01,2806.65,2613.7,2337.29,2306.96,2237.38,2127.19,1994.91,2021.04,Bizkaia,2372.5178571428573,33215.25,Pueblo,3108.363542857143,6738.3684357142865,Bajo,380.15999999999985
48006,Arantzazu,2863.38,2791.39,2979.69,3005.31,3487.49,3278.52,3179.7,2747.58,2801.51,2761.94,2659.35,2560.27,2440.64,2475.71,Bizkaia,2859.462857142857,40032.479999999996,Pueblo,3108.363542857143,6738.3684357142865,Bajo,387.6700000000001
48034,Ermua,4086.11,4061.41,4004.49,4300.71,4214.16,4348.49,3961.02,4797.1,4741.3,4407.35,4358.73,4281.84,3879.52,3677.81,Bizkaia,4222.86,59120.04,Pueblo,3108.363542857143,6738.3684357142865,Medio,408.3000000000002
48063,Mendexa,3002.57,2843.4,3139.34,3333.67,3299.07,3421.24,3223.44,3044.15,3481.51,3252.17,2578.19,2722.21,2631.69,2572.64,Bizkaia,3038.949285714286,42545.29,Pueblo,3108.363542857143,6738.3684357142865,Bajo,429.9300000000003
48007,Munitibar-Arbatzegi Gerrikaitz-,2519.37,2317.87,2710.93,3089.79,2559.33,2500.62,2470.51,2864.61,2476.3,1751.53,1990.62,1831.05,1626.31,2085.34,Bizkaia,2342.441428571428,32794.17999999999,Pueblo,3108.363542857143,6738.3684357142865,Bajo,434.02999999999975
48041,Gautegiz Arteaga,3303.8,3318.96,3426.71,3632.21,3287.54,3489.53,3618.85,3574.52,3670.86,3432.03,3496.88,3323.08,3178.07,2861.85,Bizkaia,3401.0635714285713,47614.89,Pueblo,3108.363542857143,6738.3684357142865,Medio,441.9500000000003
48060,Markina-Xemein,4705.69,4576.12,4378.21,4359.74,4686.5,4882.43,4788.42,5432.1,5047.89,5002.03,5121.6,4714.38,4608.56,4248.04,Bizkaia,4753.693571428571,66551.70999999999,Pueblo,3108.363542857143,6738.3684357142865,Medio,457.64999999999964
1046,Erriberagoitia/Ribera Alta,3732.27,3568.35,3684.8,3927.68,3993.49,3706.47,3445.53,3509.47,3583.17,3620.63,3515.31,3409.41,3334.85,3273.38,Álava,3593.200714285714,50304.81,Pueblo,4090.7342857142858,10106.95,Bajo,458.8899999999999
48095,Zaldibar,9298.48,9113.26,8737.44,8442.84,8868.21,8546.31,7828.12,10076.77,10472.49,10235.45,10191.47,9480.92,8931.67,8816.05,Bizkaia,9217.105714285715,129039.48000000001,Pueblo,3108.363542857143,6738.3684357142865,Alto,482.4300000000003
48004,Amoroto,5667.17,5210.61,5681.72,5925.53,6079.18,5813.37,6088.27,5999.83,6120.98,5938.99,5283.09,5491.46,5465.24,5171.54,Bizkaia,5709.784285714287,79936.98000000001,Pueblo,3108.363542857143,6738.3684357142865,Medio,495.6300000000001
48026,Dima,3158.85,3228.07,3316.47,3474.33,3472.71,3403.4,3713.62,3724.04,3251.89,2899.47,2757.71,2570.16,2452.8,2662.26,Bizkaia,3148.984285714286,44085.780000000006,Pueblo,3108.363542857143,6738.3684357142865,Medio,496.5899999999997
1011,Baños de Ebro/Mañueta,2920.51,3060.1,2870.59,4618.42,3786.53,2915.21,3529.23,3428.17,2776.88,3030.16,2925.21,2871.71,2846.53,2406.43,Álava,3141.8342857142857,43985.68,Pueblo,4090.7342857142858,10106.95,Bajo,514.0800000000004
20055,Arrasate/Mondragón,9642.18,9421.11,9818.72,10384.75,10184.09,10316.04,9724.56,10657.48,10514.71,9486.13,9133.89,8840.7,8989.34,9108.31,Gipuzkoa,9730.143571428573,136222.01,Pueblo,4173.691992857142,9100.15910714286,Alto,533.8700000000008
1044,Peñacerrada-Urizaharra,2425.24,2294.94,2540.35,2422.93,2350.91,2199.5,2384.89,2540.02,2278.46,2263.3,2222.12,2329.1,1921.4,1886.6,Álava,2289.982857142857,32059.76,Pueblo,4090.7342857142858,10106.95,Bajo,538.6399999999999
20907,Gaztelu,1802.34,1727.45,1916.81,2139.46,1969.76,1906.25,1976.43,1803.59,1934.28,1831.04,1834.5,1750.11,1769.51,1259.87,Gipuzkoa,1830.1,25621.399999999998,Pueblo,4173.691992857142,9100.15910714286,Bajo,542.47
20007,Altzo,35313.98,36350.42,37513.26,36081.83,38561.52,37036.58,36416.5,37940.56,39905.68,37659.4,30238.73,32040.46,35713.9,34759.82,Gipuzkoa,36109.474285714285,505532.64,Pueblo,4173.691992857142,9100.15910714286,Alto,554.1600000000035
20039,Getaria,8139.57,7952.83,8323.82,8836.74,8729.75,8087.36,8079.52,8660.88,8912.24,9022.4,9087.83,8268.48,7728.87,7558.45,Gipuzkoa,8384.91,117388.73999999999,Pueblo,4173.691992857142,9100.15910714286,Medio,581.1199999999999
48914,Arratzu,2747.47,2562.82,2448.6,3150.84,2664.1,2945.59,3107.8,2222.52,2124.27,2674.01,2562.07,2556.3,2520.39,2162.96,Bizkaia,2603.552857142857,36449.74,Pueblo,3108.363542857143,6738.3684357142865,Bajo,584.5099999999998
20015,Ataun,2394.06,2253.31,2230.31,2485.0,2649.87,2654.67,2627.48,2457.55,2307.65,2321.61,2204.49,2169.35,1845.28,1808.58,Gipuzkoa,2314.9435714285714,32409.21,Pueblo,4173.691992857142,9100.15910714286,Bajo,585.48
1039,Moreda de Álava / Moreda Araba,2496.92,2508.8,2577.04,2474.86,2641.68,2771.7,2837.05,2473.56,2280.08,2313.48,2366.0,2138.82,2122.63,1888.87,Álava,2420.8207142857145,33891.490000000005,Pueblo,4090.7342857142858,10106.95,Bajo,608.0500000000002
48033,Ereño,3277.23,3383.07,3621.27,3808.23,3718.61,3563.42,3806.27,3693.32,3467.42,3347.21,3173.74,3228.57,2981.59,2652.16,Bizkaia,3408.722142857143,47722.11,Pueblo,3108.363542857143,6738.3684357142865,Medio,625.0700000000002
48048,Ibarrangelu,3643.59,3595.17,3792.79,3879.38,4021.24,3964.49,3861.29,3765.41,3866.85,3983.91,3669.66,3606.23,3446.14,3015.1,Bizkaia,3722.2321428571427,52111.25,Pueblo,3108.363542857143,6738.3684357142865,Medio,628.4900000000002
48051,Lanestosa,2279.99,2370.92,2558.63,2766.5,2837.5,2794.14,2692.61,2596.01,2544.14,2553.72,2131.43,2163.07,2088.27,1649.58,Bizkaia,2430.465,34026.51,Pueblo,3108.363542857143,6738.3684357142865,Bajo,630.4099999999999
48024,Zeanuri,2914.91,2713.53,2597.5,2643.35,2970.79,2780.93,2867.44,2577.53,2632.57,2662.01,2467.47,2419.07,2302.7,2235.58,Bizkaia,2627.5271428571427,36785.38,Pueblo,3108.363542857143,6738.3684357142865,Bajo,679.3299999999999
1034,Leza,5755.34,5791.58,6030.2,6409.42,5741.46,4983.76,4475.74,5163.39,4887.28,5197.27,4719.05,4853.14,5052.91,5067.21,Álava,5294.839285714287,74127.75000000001,Pueblo,4090.7342857142858,10106.95,Medio,688.1300000000001
20041,Hernialde,2693.12,2326.87,2849.71,2569.84,2818.86,2242.16,2444.5,2312.9,2472.28,2902.3,2638.54,2674.13,2795.74,1946.82,Gipuzkoa,2549.1264285714287,35687.770000000004,Pueblo,4173.691992857142,9100.15910714286,Bajo,746.3
1030,Lagrán,3248.83,3113.29,3026.36,3329.93,3685.84,3265.15,3579.93,3273.55,3155.02,3091.5,2847.3,2906.22,2585.72,2500.21,Álava,3114.9178571428574,43608.850000000006,Pueblo,4090.7342857142858,10106.95,Bajo,748.6199999999999
1060,Yécora/Iekora,2698.08,2628.62,2538.5,2292.58,2301.46,2322.42,2262.48,2231.5,1965.85,2217.67,2024.18,2066.56,1975.36,1827.21,Álava,2239.4621428571427,31352.469999999998,Pueblo,4090.7342857142858,10106.95,Bajo,870.8699999999999
20057,Mutiloa,4253.33,4113.61,4191.02,4149.42,4193.14,4583.11,4309.36,4809.37,4010.69,4277.59,4722.6,5138.78,5051.25,3379.31,Gipuzkoa,4370.184285714286,61182.579999999994,Pueblo,4173.691992857142,9100.15910714286,Medio,874.02
48008,Artzentales,2866.71,2950.31,3073.5,2938.82,3050.18,2922.03,2924.98,2884.67,2660.3,2688.29,2542.8,2224.24,2019.18,1942.46,Bizkaia,2692.033571428571,37688.469999999994,Pueblo,3108.363542857143,6738.3684357142865,Bajo,924.25
1023,Elvillar/Bilar,3720.36,3551.36,3783.01,3464.31,3973.37,3696.51,3484.8,3798.89,3338.79,3120.84,3143.15,2827.38,2715.62,2714.61,Álava,3380.928571428571,47332.99999999999,Pueblo,4090.7342857142858,10106.95,Bajo,1005.75
20026,Zerain,3339.8,3348.66,3310.36,3435.64,3514.59,3511.17,3855.4,3557.27,3386.1,3258.36,2822.15,2638.6,2561.01,2316.97,Gipuzkoa,3204.0057142857145,44856.08,Pueblo,4173.691992857142,9100.15910714286,Bajo,1022.8300000000004
48001,Abadiño,19112.86,18218.65,17007.75,17492.94,19038.2,17434.98,14902.98,19500.46,20116.32,20306.64,19993.84,20328.15,19292.68,18073.94,Bizkaia,18630.027857142853,260820.38999999996,Pueblo,3108.363542857143,6738.3684357142865,Alto,1038.920000000002
20054,Lizartza,5902.19,5625.99,5643.21,5726.58,6495.53,5766.32,6398.57,7057.55,6606.07,6226.18,4976.78,2954.24,4142.41,4855.35,Gipuzkoa,5598.355000000001,78376.97000000002,Pueblo,4173.691992857142,9100.15910714286,Medio,1046.8399999999992
20081,Zumaia,8866.33,8520.32,8485.99,8271.42,8032.16,7900.01,7374.67,9136.98,8739.55,9655.69,9093.28,8743.57,8313.31,7804.46,Gipuzkoa,8495.552857142857,118937.74,Pueblo,4173.691992857142,9100.15910714286,Medio,1061.87
48082,Santurtzi,3130.28,3015.91,2896.81,2863.75,2573.85,2616.39,2649.94,2533.47,2461.98,2443.09,2329.11,2356.59,2110.03,2026.56,Bizkaia,2571.9828571428575,36007.76,Pueblo,3108.363542857143,6738.3684357142865,Bajo,1103.7200000000003
20066,Errezil,4331.48,3804.25,3906.36,3510.55,3972.07,4247.65,3804.8,3832.25,4126.17,4086.05,3961.91,3811.16,3668.99,3176.9,Gipuzkoa,3874.3278571428577,54240.59000000001,Pueblo,4173.691992857142,9100.15910714286,Bajo,1154.5799999999995
48906,Forua,3203.99,3219.34,3279.63,3564.63,3449.58,3820.49,2775.72,2488.14,2441.99,2372.72,2258.48,2069.12,1943.76,2033.81,Bizkaia,2780.1,38921.4,Pueblo,3108.363542857143,6738.3684357142865,Bajo,1170.1799999999998
1049,Añana,4559.93,4966.99,4886.77,4547.34,4461.91,4113.1,4105.82,2468.04,3627.57,4176.05,4294.96,3591.43,3818.59,3348.86,Álava,4069.097142857143,56967.36,Pueblo,4090.7342857142858,10106.95,Bajo,1211.0700000000002
48028,Ea,3852.0,3687.13,3911.02,3548.13,3592.52,3450.36,3310.65,3455.36,3440.44,3357.09,3345.93,3364.15,2998.63,2636.28,Bizkaia,3424.977857142857,47949.689999999995,Pueblo,3108.363542857143,6738.3684357142865,Medio,1215.7199999999998
48052,Larrabetzu,4845.77,4339.72,4470.54,4650.04,4513.0,4353.3,5006.86,5206.45,5389.95,5070.89,4784.49,4596.33,4111.66,3626.63,Bizkaia,4640.402142857142,64965.63,Pueblo,3108.363542857143,6738.3684357142865,Medio,1219.1400000000003
20901,Mendaro,7786.23,7507.7,7844.88,8001.43,8150.2,8093.22,7916.33,8560.26,9086.4,9179.21,8432.63,8285.87,7487.43,6377.59,Gipuzkoa,8050.67,112709.38,Pueblo,4173.691992857142,9100.15910714286,Medio,1408.6399999999994
48068,Mundaka,4026.21,3785.8,3535.6,3710.71,3869.82,4041.74,3874.25,4043.13,3662.7,3600.74,3530.12,3361.73,3078.81,2615.21,Bizkaia,3624.0407142857143,50736.57,Pueblo,3108.363542857143,6738.3684357142865,Medio,1411.0
20904,Baliarrain,3970.34,3723.2,3563.56,4676.46,6859.89,5066.84,2598.02,8520.39,10634.28,3384.62,2107.34,2308.19,2370.09,2456.51,Gipuzkoa,4445.695000000001,62239.73,Pueblo,4173.691992857142,9100.15910714286,Medio,1513.83
48901,Derio,9308.61,8750.28,9300.36,10601.53,10379.3,10579.29,10044.59,10361.66,10370.06,9772.31,9355.59,8698.93,8558.66,7744.23,Bizkaia,9558.957142857145,133825.40000000002,Pueblo,3108.363542857143,6738.3684357142865,Alto,1564.380000000001
20010,Anoeta,4894.64,4511.31,4196.88,4364.84,4667.4,4393.43,4439.35,5127.7,4883.0,4165.61,3923.52,3318.23,2987.5,3302.75,Gipuzkoa,4226.868571428571,59176.159999999996,Pueblo,4173.691992857142,9100.15910714286,Medio,1591.8900000000003
1036,Laudio/Llodio,11919.9,12006.48,12939.28,13111.47,13603.74,13353.6,13039.92,14381.52,13810.98,13171.85,12243.59,11578.24,10943.12,10318.63,Álava,12601.594285714284,176422.31999999998,Pueblo,4090.7342857142858,10106.95,Alto,1601.2700000000004
48091,Atxondo,59203.49,56101.82,56977.81,53510.09,50507.03,44763.49,38322.62,51247.56,57651.03,57339.87,57649.03,60277.7,59366.2,57474.9,Bizkaia,54313.759999999995,760392.6399999999,Ciudad,3108.363542857143,6738.3684357142865,Alto,1728.5899999999965
1033,Lapuebla de Labarca,7409.34,7651.18,6927.92,8084.48,7397.23,7075.22,6739.38,6820.02,6323.41,6139.94,6738.96,5629.57,5613.61,5674.95,Álava,6730.372142857144,94225.21000000002,Pueblo,4090.7342857142858,10106.95,Medio,1734.3900000000003
20050,Leaburu,4666.09,4378.58,4709.8,4526.87,4734.62,4316.07,4860.79,5006.5,3978.31,3665.41,3519.87,3577.01,3197.44,2907.03,Gipuzkoa,4146.027857142857,58044.39,Pueblo,4173.691992857142,9100.15910714286,Bajo,1759.06
48012,Bakio,3377.98,3272.94,3360.48,3479.27,3564.89,3763.33,4152.51,4184.81,4104.79,4119.48,3906.7,4100.48,4013.77,1597.58,Bizkaia,3642.7864285714277,50999.00999999999,Pueblo,3108.363542857143,6738.3684357142865,Medio,1780.4
20067,Errenteria,8124.74,7480.73,8240.26,8445.93,8045.01,8101.28,8329.49,8126.53,8601.54,8199.98,8388.09,5890.51,5869.27,6253.04,Gipuzkoa,7721.171428571427,108096.39999999998,Pueblo,4173.691992857142,9100.15910714286,Medio,1871.6999999999998
1032,Lanciego/Lantziego,3954.24,4036.08,3952.13,3663.6,3984.5,4054.38,4064.52,4405.6,4480.76,4140.52,3635.29,2844.47,2480.22,2080.82,Álava,3698.366428571429,51777.130000000005,Pueblo,4090.7342857142858,10106.95,Bajo,1873.4199999999996
1052,Samaniego,7430.39,7560.22,7093.28,7520.13,7409.0,7495.87,8462.35,7971.5,7780.84,7929.9,7502.06,5052.86,6232.14,5068.95,Álava,7179.249285714285,100509.48999999999,Pueblo,4090.7342857142858,10106.95,Medio,2361.4400000000005
48002,Abanto y Ciérvana-Abanto Zierbena,6626.98,6766.62,6226.93,5921.76,5488.18,5228.24,4835.82,6010.92,6246.63,5714.46,5356.14,5042.83,4462.76,4227.28,Bizkaia,5582.539285714285,78155.54999999999,Pueblo,3108.363542857143,6738.3684357142865,Medio,2399.7
20005,Alegia,10672.26,10198.3,10779.61,9981.6,10795.46,10795.16,9844.96,10957.96,12138.21,10522.81,9661.17,9419.36,7359.39,8055.61,Gipuzkoa,10084.41857142857,141181.86,Pueblo,4173.691992857142,9100.15910714286,Alto,2616.6500000000005
1022,Elciego,7340.04,7044.66,7240.92,7738.2,7627.51,7808.39,7874.69,9108.93,8306.9,6912.67,6168.37,5659.06,5457.46,4638.97,Álava,7066.197857142857,98926.77,Pueblo,4090.7342857142858,10106.95,Medio,2701.0699999999997
20059,Oñati,13247.13,12372.16,12819.29,13730.53,13131.89,11897.2,10070.32,12688.96,13682.35,14271.45,11929.31,12046.58,9990.79,10413.75,Gipuzkoa,12306.550714285713,172291.71,Pueblo,4173.691992857142,9100.15910714286,Alto,2833.379999999999
48908,Murueta,9974.33,10707.47,10427.84,11909.07,10948.2,11196.42,10464.39,10356.21,10397.82,6720.78,6235.12,6332.07,6945.63,7085.84,Bizkaia,9264.370714285715,129701.19,Pueblo,3108.363542857143,6738.3684357142865,Alto,2888.49
48058,Mallabia,23614.79,21765.4,20814.35,20539.26,22434.11,21234.53,18861.45,22657.04,23441.84,24247.35,22752.52,22605.99,21410.37,20481.83,Bizkaia,21918.630714285715,306860.83,Pueblo,3108.363542857143,6738.3684357142865,Alto,3132.959999999999
20072,Urnieta,8353.94,8233.51,7165.06,5701.74,5817.31,5936.4,5796.44,6016.38,5880.53,5686.86,5793.27,5842.85,5467.9,5191.87,Gipuzkoa,6206.004285714285,86884.06,Pueblo,4173.691992857142,9100.15910714286,Medio,3162.0700000000006
48905,Zamudio,33997.27,34226.53,34734.41,34610.93,34393.14,34040.76,33684.57,35522.97,35670.05,35549.98,34562.43,34241.62,32909.56,30746.98,Bizkaia,34206.51428571428,478891.1999999999,Pueblo,3108.363542857143,6738.3684357142865,Alto,3250.2899999999972
1016,Bernedo,9688.66,9652.01,9003.13,8926.33,8807.84,8757.09,8496.28,8128.96,7836.72,7198.51,7055.17,6997.72,6228.93,6249.88,Álava,8073.373571428572,113027.23000000001,Pueblo,4090.7342857142858,10106.95,Medio,3438.7799999999997
48050,Izurtza,36054.45,35257.91,32837.4,37802.83,39878.97,41623.38,35627.0,46856.39,43601.84,44756.52,46332.15,36428.33,31578.12,32478.3,Bizkaia,38650.97071428572,541113.5900000001,Pueblo,3108.363542857143,6738.3684357142865,Alto,3576.149999999998
48015,Basauri,17666.08,17179.54,16049.49,16886.8,19344.27,17328.87,12114.09,18070.28,17673.56,14788.1,15096.41,15109.08,15017.94,14041.79,Bizkaia,16169.021428571428,226366.3,Pueblo,3108.363542857143,6738.3684357142865,Alto,3624.290000000001
1057,Villabuena de Álava/Eskuernaga,7310.97,7422.36,7066.71,6455.33,6808.32,5908.13,5932.59,5882.74,5365.87,5200.9,5022.38,4317.19,3610.51,3490.65,Álava,5699.617857142856,79794.65,Pueblo,4090.7342857142858,10106.95,Medio,3820.32
20042,Ibarra,5637.07,5737.69,5337.36,4431.02,4766.86,3635.31,3424.56,3233.63,2965.2,2350.52,1985.15,1908.91,1799.51,1667.29,Gipuzkoa,3491.434285714286,48880.08,Pueblo,4173.691992857142,9100.15910714286,Bajo,3969.7799999999997
1031,Laguardia,18960.66,17726.73,16862.46,16906.36,17168.03,16017.9,15811.7,17140.49,17457.63,17459.34,16698.16,16439.51,15176.76,14716.6,Álava,16753.023571428574,234542.33000000002,Pueblo,4090.7342857142858,10106.95,Alto,4244.0599999999995
48067,Muxika,10756.59,10679.54,10940.3,10815.66,28124.25,28159.14,25443.43,31350.44,11087.49,8418.85,6615.92,7153.63,6677.26,6103.3,Bizkaia,14451.842857142858,202325.80000000002,Pueblo,3108.363542857143,6738.3684357142865,Alto,4653.29
1051,Salvatierra/Agurain,15666.16,15663.11,15826.35,14653.45,14482.66,12696.63,12280.83,15589.41,15309.03,16384.86,17730.64,13893.04,10978.52,10345.27,Álava,14392.85428571429,201499.96000000005,Pueblo,4090.7342857142858,10106.95,Alto,5320.889999999999
20043,Idiazabal,12346.44,10966.83,8682.51,7514.66,7926.71,7421.78,7858.39,9255.15,9485.58,8707.97,7823.96,7777.12,7010.72,6682.79,Gipuzkoa,8532.900714285714,119460.61,Pueblo,4173.691992857142,9100.15910714286,Medio,5663.650000000001
48023,Artea,8266.82,9010.56,8952.35,8695.98,9293.16,9188.59,7939.14,5135.38,3085.85,2663.69,2581.56,2560.62,2499.35,2353.68,Bizkaia,5873.337857142857,82226.73,Pueblo,3108.363542857143,6738.3684357142865,Medio,5913.139999999999
48903,Loiu,44724.0,44911.67,44837.01,42288.98,46326.32,45854.67,34243.01,52278.24,51171.28,52458.13,48382.38,48587.23,40704.86,38605.33,Bizkaia,45383.79357142857,635373.11,Pueblo,3108.363542857143,6738.3684357142865,Alto,6118.669999999998
48087,Trucios-Turtzioz,9057.68,9238.21,8818.13,9482.39,9196.06,9166.99,9689.72,7539.53,2791.79,2513.74,2376.41,2540.46,2276.53,2172.2,Bizkaia,6204.274285714286,86859.84,Pueblo,3108.363542857143,6738.3684357142865,Medio,6885.4800000000005
20040,Hernani,23079.38,23007.56,22687.64,23237.31,23514.99,24005.27,22129.93,19506.86,18934.86,19311.72,19137.67,17701.4,16348.66,15575.92,Gipuzkoa,20584.226428571426,288179.17,Pueblo,4173.691992857142,9100.15910714286,Alto,7503.460000000001
20014,Asteasu,18889.94,17844.25,17222.27,17710.59,17866.92,16885.72,16799.0,17006.42,15595.48,14136.2,12264.88,11909.87,12063.02,10195.85,Gipuzkoa,15456.457857142857,216390.41,Pueblo,4173.691992857142,9100.15910714286,Alto,8694.089999999998
20028,Zizurkil,14627.46,13818.31,13382.69,17124.82,17584.41,18497.73,17724.03,16189.97,5803.96,5800.26,5373.82,5185.71,5159.19,5087.84,Gipuzkoa,11525.728571428572,161360.2,Pueblo,4173.691992857142,9100.15910714286,Alto,9539.619999999999
20035,Ezkio-Itsaso,52882.22,55544.41,52364.27,51779.68,49692.21,43497.81,41149.54,54728.11,59088.86,55887.65,49610.6,44619.04,41693.82,40597.67,Gipuzkoa,49509.70642857143,693135.89,Ciudad,4173.691992857142,9100.15910714286,Alto,12284.550000000003
48910,Iurreta,64470.31,64470.31,63071.5,62756.86,62095.4,61764.55,60213.5,55982.87,69677.76,50480.64,57126.37,52909.33,51124.64,49757.94,Bizkaia,58992.99857142857,825901.98,Ciudad,3108.363542857143,6738.3684357142865,Alto,14712.369999999995
1014,Berantevilla,38542.53,40598.51,41719.45,41568.66,41685.48,35289.13,35287.67,42572.91,43545.15,37332.72,34273.09,31891.69,26317.28,21787.39,Álava,36600.83285714286,512411.66000000003,Pueblo,4090.7342857142858,10106.95,Alto,16755.14
1902,Lantarón,73756.6,70371.42,64409.57,77229.22,57629.47,58320.34,51315.13,63357.07,61607.52,81602.34,61087.14,64977.34,62703.9,55790.31,Álava,64582.66928571428,904157.3699999999,Ciudad,4090.7342857142858,10106.95,Alto,17966.290000000008
48030,Etxebarria,55531.54,52542.84,50444.61,50851.25,49067.37,45882.35,37776.68,44308.51,42611.81,40321.32,38303.09,41210.9,39296.9,30651.88,Bizkaia,44200.075000000004,618801.05,Ciudad,3108.363542857143,6738.3684357142865,Alto,24879.66
48913,Zierbena,45732.44,34891.95,30812.56,36686.19,39654.72,47372.97,49162.84,55604.65,47820.02,49610.42,40692.27,42470.29,20059.96,16554.04,Bizkaia,39794.66571428572,557125.3200000001,Pueblo,3108.363542857143,6738.3684357142865,Alto,29178.4
48911,Ajangiz,60798.19,56880.09,57792.04,58705.44,61449.32,58778.3,49522.39,54603.87,3348.66,3120.09,3138.43,3308.67,3198.33,2953.02,Bizkaia,34114.060000000005,477596.84,Ciudad,3108.363542857143,6738.3684357142865,Alto,57845.170000000006
48071,Muskiz,68820.68,55164.21,4483.4,4226.17,5402.17,14054.5,9982.39,14768.04,13249.53,10707.4,11065.08,6549.77,8214.59,7088.79,Bizkaia,16698.337142857144,233776.72,Pueblo,3108.363542857143,6738.3684357142865,Alto,61731.88999999999
20008,Amezketa,81716.04,86473.23,84620.3,85430.87,79463.92,78681.3,76252.74,72733.49,15153.41,20851.11,14901.42,19532.19,19646.73,18187.59,Gipuzkoa,53831.73857142857,753644.34,Ciudad,4173.691992857142,9100.15910714286,Alto,63528.45
