,battery_type,brand,car_body_type,cargo_volume_l,drivetrain,fast_charge_port,model,segment,source_url,top_speed_kmh,battery_capacity_kWh,torque_nm,efficiency_wh_per_km,range_km,acceleration_0_100_s,fast_charging_power_kw_dc,towing_capacity_kg,seats,length_mm,width_mm,height_mm
0,Lithium-ion,Abarth,Hatchback,185,FWD,CCS,500e Convertible,B - Compact,https://ev-database.org/car/1904/Abarth-500e-Convertible,155.0,37.8,235.0,156.0,225.0,7.0,67.0,0.0,4.0,3673.0,1683.0,1518.0
1,Lithium-ion,Abarth,Hatchback,185,FWD,CCS,500e Hatchback,B - Compact,https://ev-database.org/car/1903/Abarth-500e-Hatchback,155.0,37.8,235.0,149.0,225.0,7.0,67.0,0.0,4.0,3673.0,1683.0,1518.0
2,Lithium-ion,Abarth,SUV,360,FWD,CCS,600e Scorpionissima,JB - Compact,https://ev-database.org/car/3057/Abarth-600e-Scorpionissima,200.0,50.8,345.0,158.0,280.0,5.9,79.0,0.0,5.0,4187.0,1779.0,1557.0
3,Lithium-ion,Abarth,SUV,360,FWD,CCS,600e Turismo,JB - Compact,https://ev-database.org/car/3056/Abarth-600e-Turismo,200.0,50.8,345.0,158.0,280.0,6.2,79.0,0.0,5.0,4187.0,1779.0,1557.0
4,Lithium-ion,Aiways,SUV,496,FWD,CCS,U5,JC - Medium,https://ev-database.org/car/1678/Aiways-U5,150.0,60.0,310.0,156.0,315.0,7.5,78.0,1052.2610619469026,5.0,4680.0,1865.0,1700.0
5,Lithium-ion,Aiways,SUV,472,FWD,CCS,U6,JC - Medium,https://ev-database.org/car/1766/Aiways-U6,160.0,60.0,315.0,150.0,350.0,7.0,78.0,1052.2610619469026,5.0,4805.0,1880.0,1641.0
6,Lithium-ion,Alfa,SUV,400,FWD,CCS,Romeo Junior Elettrica 54 kWh,JB - Compact,https://ev-database.org/car/2184/Alfa-Romeo-Junior-Elettrica-54-kWh,150.0,50.8,260.0,128.0,320.0,9.0,85.0,0.0,5.0,4173.0,1781.0,1532.0
7,Lithium-ion,Alfa,SUV,400,FWD,CCS,Romeo Junior Elettrica 54 kWh Veloce,JB - Compact,https://ev-database.org/car/2185/Alfa-Romeo-Junior-Elettrica-54-kWh-Veloce,200.0,50.8,345.0,164.0,310.0,6.0,85.0,0.0,5.0,4173.0,1781.0,1505.0
8,Lithium-ion,Alpine,Hatchback,326,FWD,CCS,A290 Electric 180 hp,B - Compact,https://ev-database.org/car/2268/Alpine-A290-Electric-180-hp,160.0,52.0,285.0,138.0,310.0,7.4,70.0,500.0,5.0,3997.0,1823.0,1512.0
9,Lithium-ion,Alpine,Hatchback,326,FWD,CCS,A290 Electric 220 hp,B - Compact,https://ev-database.org/car/2269/Alpine-A290-Electric-220-hp,170.0,52.0,300.0,144.0,305.0,6.4,70.0,500.0,5.0,3997.0,1823.0,1512.0
10,Lithium-ion,Audi,Station/Estate,502,RWD,CCS,A6 Avant e-tron,JE - Executive,https://ev-database.org/car/3055/Audi-A6-Avant-e-tron,210.0,75.8,435.0,146.0,465.0,6.0,150.0,2100.0,5.0,4928.0,1923.0,1455.0
11,Lithium-ion,Audi,Station/Estate,502,RWD,CCS,A6 Avant e-tron performance,JE - Executive,https://ev-database.org/car/2272/Audi-A6-Avant-e-tron-performance,210.0,94.9,565.0,151.0,575.0,5.4,200.0,2100.0,5.0,4928.0,1923.0,1455.0
12,Lithium-ion,Audi,Station/Estate,502,AWD,CCS,A6 Avant e-tron quattro,JE - Executive,https://ev-database.org/car/3054/Audi-A6-Avant-e-tron-quattro,210.0,94.9,855.0,157.0,560.0,4.5,200.0,2100.0,5.0,4928.0,1923.0,1455.0
13,Lithium-ion,Audi,Liftback Sedan,502,RWD,CCS,A6 Sportback e-tron,JE - Executive,https://ev-database.org/car/3053/Audi-A6-Sportback-e-tron,210.0,75.8,435.0,136.0,495.0,6.0,150.0,2100.0,5.0,4928.0,1923.0,1455.0
14,Lithium-ion,Audi,Liftback Sedan,502,RWD,CCS,A6 Sportback e-tron performance,JE - Executive,https://ev-database.org/car/2270/Audi-A6-Sportback-e-tron-performance,210.0,94.9,565.0,141.0,610.0,5.4,200.0,2100.0,5.0,4928.0,1923.0,1455.0
15,Lithium-ion,Audi,Liftback Sedan,502,AWD,CCS,A6 Sportback e-tron quattro,JE - Executive,https://ev-database.org/car/3052/Audi-A6-Sportback-e-tron-quattro,210.0,94.9,855.0,147.0,590.0,4.7,200.0,2100.0,5.0,4928.0,1923.0,1455.0
16,Lithium-ion,Audi,SUV,520,RWD,CCS,Q4 Sportback e-tron 40,JC - Medium,https://ev-database.org/car/3149/Audi-Q4-Sportback-e-tron-40,160.0,59.0,310.0,156.0,340.0,8.1,110.0,1000.0,5.0,4588.0,1865.0,1614.0
17,Lithium-ion,Audi,SUV,535,RWD,CCS,Q4 Sportback e-tron 45,JC - Medium,https://ev-database.org/car/2016/Audi-Q4-Sportback-e-tron-45,180.0,77.0,545.0,162.0,435.0,6.7,120.0,1000.0,5.0,4588.0,1865.0,1614.0
18,Lithium-ion,Audi,SUV,535,AWD,CCS,Q4 Sportback e-tron 45 quattro,JC - Medium,https://ev-database.org/car/2017/Audi-Q4-Sportback-e-tron-45-quattro,180.0,77.0,679.0,165.0,410.0,6.6,120.0,1200.0,5.0,4588.0,1865.0,1614.0
19,Lithium-ion,Audi,SUV,535,AWD,CCS,Q4 Sportback e-tron 55 quattro,JC - Medium,https://ev-database.org/car/2018/Audi-Q4-Sportback-e-tron-55-quattro,180.0,77.0,679.0,165.0,415.0,5.4,120.0,1200.0,5.0,4588.0,1865.0,1614.0
20,Lithium-ion,Audi,SUV,520,RWD,CCS,Q4 e-tron 40,JC - Medium,https://ev-database.org/car/3148/Audi-Q4-e-tron-40,160.0,59.0,310.0,159.0,325.0,8.1,110.0,1000.0,5.0,4588.0,1865.0,1632.0
21,Lithium-ion,Audi,SUV,520,RWD,CCS,Q4 e-tron 45,JC - Medium,https://ev-database.org/car/2013/Audi-Q4-e-tron-45,180.0,77.0,545.0,169.0,420.0,6.7,120.0,1000.0,5.0,4588.0,1865.0,1632.0
22,Lithium-ion,Audi,SUV,520,AWD,CCS,Q4 e-tron 45 quattro,JC - Medium,https://ev-database.org/car/2014/Audi-Q4-e-tron-45-quattro,180.0,77.0,679.0,171.0,395.0,6.6,120.0,1200.0,5.0,4588.0,1865.0,1632.0
23,Lithium-ion,Audi,SUV,520,AWD,CCS,Q4 e-tron 55 quattro,JC - Medium,https://ev-database.org/car/2015/Audi-Q4-e-tron-55-quattro,180.0,77.0,679.0,171.0,395.0,5.4,120.0,1200.0,5.0,4588.0,1865.0,1632.0
24,Lithium-ion,Audi,SUV,526,RWD,CCS,Q6 e-tron,JD - Large,https://ev-database.org/car/2281/Audi-Q6-e-tron,210.0,75.8,450.0,166.0,395.0,7.0,150.0,2000.0,5.0,4771.0,1939.0,1685.0
25,Lithium-ion,Audi,SUV,511,RWD,CCS,Q6 e-tron Sportback,JD - Large,https://ev-database.org/car/3041/Audi-Q6-e-tron-Sportback,210.0,75.8,450.0,139.0,410.0,7.0,150.0,2000.0,5.0,4771.0,1939.0,1665.0
26,Lithium-ion,Audi,SUV,511,RWD,CCS,Q6 e-tron Sportback performance,JD - Large,https://ev-database.org/car/3042/Audi-Q6-e-tron-Sportback-performance,210.0,94.9,485.0,145.0,510.0,6.6,190.0,2000.0,5.0,4771.0,1939.0,1665.0
27,Lithium-ion,Audi,SUV,511,AWD,CCS,Q6 e-tron Sportback quattro,JD - Large,https://ev-database.org/car/3043/Audi-Q6-e-tron-Sportback-quattro,210.0,94.9,855.0,149.0,500.0,5.9,200.0,2400.0,5.0,4771.0,1939.0,1665.0
28,Lithium-ion,Audi,SUV,526,RWD,CCS,Q6 e-tron performance,JD - Large,https://ev-database.org/car/2215/Audi-Q6-e-tron-performance,210.0,94.9,485.0,171.0,490.0,6.6,190.0,2000.0,5.0,4771.0,1939.0,1685.0
29,Lithium-ion,Audi,SUV,10 Banana Boxes,AWD,CCS,Q6 e-tron quattro,JD - Large,https://ev-database.org/car/2146/Audi-Q6-e-tron-quattro,210.0,94.9,855.0,176.0,480.0,5.9,200.0,2400.0,5.0,4771.0,1939.0,1685.0
30,Lithium-ion,Audi,Station/Estate,502,AWD,CCS,S6 Avant e-tron,JE - Executive,https://ev-database.org/car/2273/Audi-S6-Avant-e-tron,240.0,94.9,855.0,156.0,530.0,3.9,200.0,2100.0,5.0,4928.0,1923.0,1493.0
31,Lithium-ion,Audi,Liftback Sedan,502,AWD,CCS,S6 Sportback e-tron,JE - Executive,https://ev-database.org/car/2271/Audi-S6-Sportback-e-tron,240.0,94.9,855.0,149.0,555.0,3.9,200.0,2100.0,5.0,4928.0,1923.0,1465.0
32,Lithium-ion,Audi,SUV,514,AWD,CCS,SQ6 e-tron,JD - Large,https://ev-database.org/car/2147/Audi-SQ6-e-tron,230.0,94.9,855.0,169.0,470.0,4.3,200.0,2400.0,5.0,4771.0,1965.0,1685.0
33,Lithium-ion,Audi,SUV,511,AWD,CCS,SQ6 e-tron Sportback,JD - Large,https://ev-database.org/car/3044/Audi-SQ6-e-tron-Sportback,230.0,94.9,855.0,164.0,495.0,4.3,200.0,2400.0,5.0,4771.0,1965.0,1665.0
34,Lithium-ion,Audi,Sedan,350,AWD,CCS,e-tron GT RS,F - Luxury,https://ev-database.org/car/2220/Audi-e-tron-GT-RS,250.0,97.0,865.0,184.0,525.0,2.8,281.0,0.0,4.0,4997.0,1964.0,1389.0
35,Lithium-ion,Audi,Sedan,350,AWD,CCS,e-tron GT RS performance,F - Luxury,https://ev-database.org/car/2221/Audi-e-tron-GT-RS-performance,250.0,97.0,1027.0,182.0,525.0,2.5,281.0,0.0,4.0,4997.0,1964.0,1389.0
36,Lithium-ion,Audi,Sedan,405,AWD,CCS,e-tron GT S,F - Luxury,https://ev-database.org/car/2219/Audi-e-tron-GT-S,245.0,97.0,740.0,172.0,540.0,3.4,281.0,0.0,4.0,5004.0,1964.0,1394.0
37,Lithium-ion,Audi,Sedan,405,AWD,CCS,e-tron GT quattro,F - Luxury,https://ev-database.org/car/3182/Audi-e-tron-GT-quattro,245.0,97.0,625.0,169.0,540.0,4.0,281.0,0.0,4.0,5004.0,1964.0,1394.0
38,Lithium-ion,BMW,Liftback Sedan,470,AWD,CCS,i4 M50,D - Large,https://ev-database.org/car/2201/BMW-i4-M50,225.0,81.3,795.0,197.0,450.0,3.9,131.0,1600.0,5.0,4783.0,1852.0,1448.0
39,Lithium-ion,BMW,Liftback Sedan,470,RWD,CCS,i4 eDrive35,D - Large,https://ev-database.org/car/2198/BMW-i4-eDrive35,190.0,67.1,400.0,174.0,430.0,6.0,95.0,1600.0,5.0,4783.0,1852.0,1448.0
40,Lithium-ion,BMW,Liftback Sedan,470,RWD,CCS,i4 eDrive40,D - Large,https://ev-database.org/car/2199/BMW-i4-eDrive40,190.0,81.3,430.0,174.0,515.0,5.6,131.0,1600.0,5.0,4783.0,1852.0,1448.0
41,Lithium-ion,BMW,Liftback Sedan,470,AWD,CCS,i4 xDrive40,D - Large,https://ev-database.org/car/2200/BMW-i4-xDrive40,200.0,81.3,600.0,183.0,490.0,5.1,131.0,1600.0,5.0,4783.0,1852.0,1448.0
42,Lithium-ion,BMW,Sedan,490,AWD,CCS,i5 M60 xDrive Sedan (MY25),E - Executive,https://ev-database.org/car/3114/BMW-i5-M60-xDrive-Sedan,230.0,81.2,795.0,172.0,430.0,3.8,136.0,2000.0,5.0,5060.0,1900.0,1505.0
43,Lithium-ion,BMW,Station/Estate,570,AWD,CCS,i5 M60 xDrive Touring (MY25),E - Executive,https://ev-database.org/car/3117/BMW-i5-M60-xDrive-Touring,230.0,81.2,795.0,179.0,425.0,3.9,136.0,2000.0,5.0,5060.0,1900.0,1505.0
44,Lithium-ion,BMW,Sedan,490,RWD,CCS,i5 eDrive40 Sedan (MY25),E - Executive,https://ev-database.org/car/3112/BMW-i5-eDrive40-Sedan,193.0,81.2,400.0,159.0,480.0,6.0,136.0,1500.0,5.0,5060.0,1900.0,1515.0
45,Lithium-ion,BMW,Station/Estate,570,RWD,CCS,i5 eDrive40 Touring (MY25),E - Executive,https://ev-database.org/car/3115/BMW-i5-eDrive40-Touring,193.0,81.2,400.0,165.0,465.0,6.1,136.0,1500.0,5.0,5060.0,1900.0,1515.0
46,Lithium-ion,BMW,Sedan,490,AWD,CCS,i5 xDrive40 Sedan (MY25),E - Executive,https://ev-database.org/car/3113/BMW-i5-xDrive40-Sedan,215.0,81.2,590.0,167.0,465.0,5.4,136.0,2000.0,5.0,5060.0,1900.0,1515.0
47,Lithium-ion,BMW,Station/Estate,570,AWD,CCS,i5 xDrive40 Touring (MY25),E - Executive,https://ev-database.org/car/3116/BMW-i5-xDrive40-Touring,215.0,81.2,590.0,174.0,450.0,5.5,136.0,2000.0,5.0,5060.0,1900.0,1515.0
48,Lithium-ion,BMW,Sedan,500,AWD,CCS,i7 M70 xDrive,F - Luxury,https://ev-database.org/car/1838/BMW-i7-M70-xDrive,250.0,101.7,1100.0,208.0,490.0,3.7,159.0,0.0,5.0,5391.0,1950.0,1544.0
49,Lithium-ion,BMW,Sedan,500,RWD,CCS,i7 eDrive50,F - Luxury,https://ev-database.org/car/1905/BMW-i7-eDrive50,205.0,101.7,650.0,177.0,520.0,5.5,159.0,0.0,5.0,5391.0,1950.0,1544.0
50,Lithium-ion,BMW,Sedan,500,AWD,CCS,i7 xDrive60,F - Luxury,https://ev-database.org/car/1676/BMW-i7-xDrive60,240.0,101.7,745.0,172.0,510.0,4.7,159.0,2000.0,5.0,5391.0,1950.0,1544.0
51,Lithium-ion,BMW,SUV,500,AWD,CCS,iX M70 xDrive,JE - Executive,https://ev-database.org/car/3111/BMW-iX-M70-xDrive,250.0,108.9,1015.0,209.0,500.0,3.8,150.0,2500.0,5.0,4965.0,1970.0,1695.0
52,Lithium-ion,BMW,SUV,500,AWD,CCS,iX xDrive45,JE - Executive,https://ev-database.org/car/3109/BMW-iX-xDrive45,200.0,94.8,700.0,193.0,470.0,5.1,115.0,2500.0,5.0,4965.0,1970.0,1695.0
53,Lithium-ion,BMW,SUV,500,AWD,CCS,iX xDrive60,JE - Executive,https://ev-database.org/car/3110/BMW-iX-xDrive60,200.0,109.1,765.0,194.0,525.0,4.6,150.0,2500.0,5.0,4965.0,1970.0,1695.0
54,Lithium-ion,BMW,SUV,490,FWD,CCS,iX1 eDrive20,JC - Medium,https://ev-database.org/car/1996/BMW-iX1-eDrive20,170.0,64.7,247.0,150.0,390.0,8.3,94.0,750.0,5.0,4500.0,1845.0,1616.0
55,Lithium-ion,BMW,SUV,490,AWD,CCS,iX1 xDrive30,JC - Medium,https://ev-database.org/car/1701/BMW-iX1-xDrive30,180.0,64.7,494.0,155.0,380.0,5.6,94.0,1200.0,5.0,4500.0,1845.0,1616.0
56,Lithium-ion,BMW,SUV,525,FWD,CCS,iX2 eDrive20,JC - Medium,https://ev-database.org/car/2097/BMW-iX2-eDrive20,170.0,64.7,247.0,147.0,395.0,8.6,94.0,750.0,5.0,4554.0,1845.0,1560.0
57,Lithium-ion,BMW,SUV,525,AWD,CCS,iX2 xDrive30,JC - Medium,https://ev-database.org/car/2040/BMW-iX2-xDrive30,180.0,64.7,494.0,155.0,385.0,5.6,94.0,1200.0,5.0,4554.0,1845.0,1560.0
58,Lithium-ion,BYD,SUV,400,FWD,CCS,ATTO 2,JB - Compact,https://ev-database.org/car/3125/BYD-ATTO-2,160.0,45.1,290.0,145.0,245.0,7.9,51.0,750.0,5.0,4310.0,1830.0,1675.0
59,Lithium-ion,BYD,SUV,440,FWD,CCS,ATTO 3 (MY25),JC - Medium,https://ev-database.org/car/3192/BYD-ATTO-3,160.0,60.5,310.0,144.0,340.0,7.3,75.0,750.0,5.0,4455.0,1875.0,1615.0
60,Lithium-ion,BYD,Hatchback,345,FWD,CCS,DOLPHIN 44.9 kWh Active,C - Medium,https://ev-database.org/car/1917/BYD-DOLPHIN-449-kWh-Active,150.0,44.9,180.0,132.0,265.0,12.3,50.0,0.0,5.0,4290.0,1770.0,1570.0
61,Lithium-ion,BYD,Hatchback,345,FWD,CCS,DOLPHIN 44.9 kWh Boost,C - Medium,https://ev-database.org/car/1918/BYD-DOLPHIN-449-kWh-Boost,160.0,44.9,498.0127388535032,145.0,260.0,8.0,50.0,0.0,5.0,4290.0,1770.0,1570.0
62,Lithium-ion,BYD,Hatchback,345,FWD,CCS,DOLPHIN 60.4 kWh,C - Medium,https://ev-database.org/car/1919/BYD-DOLPHIN-604-kWh,160.0,60.5,310.0,142.0,350.0,7.0,65.0,0.0,5.0,4290.0,1770.0,1570.0
63,Lithium-ion,BYD,Hatchback,308,FWD,CCS,DOLPHIN SURF 30 kWh Active,B - Compact,https://ev-database.org/car/3193/BYD-DOLPHIN-SURF-30-kWh-Active,150.0,30.0,175.0,136.0,190.0,11.1,45.0,0.0,4.0,3990.0,1720.0,1590.0
64,Lithium-ion,BYD,Hatchback,308,FWD,CCS,DOLPHIN SURF 43.2 kWh Boost,B - Compact,https://ev-database.org/car/3194/BYD-DOLPHIN-SURF-432-kWh-Boost,150.0,43.2,175.0,134.0,270.0,12.1,60.0,0.0,4.0,3990.0,1720.0,1590.0
65,Lithium-ion,BYD,Hatchback,308,FWD,CCS,DOLPHIN SURF 43.2 kWh Comfort,B - Compact,https://ev-database.org/car/3195/BYD-DOLPHIN-SURF-432-kWh-Comfort,150.0,43.2,220.0,139.0,265.0,9.1,60.0,0.0,4.0,3990.0,1720.0,1590.0
66,Lithium-ion,BYD,Sedan,400,RWD,CCS,SEAL 61.4 kWh RWD Comfort,D - Large,https://ev-database.org/car/3102/BYD-SEAL-614-kWh-RWD-Comfort,220.0,61.4,380.0,133.0,365.0,7.5,75.0,750.0,5.0,4800.0,1875.0,1460.0
67,Lithium-ion,BYD,Sedan,400,AWD,CCS,SEAL 82.5 kWh AWD Excellence,D - Large,https://ev-database.org/car/2002/BYD-SEAL-825-kWh-AWD-Excellence,180.0,82.5,670.0,159.0,445.0,3.8,100.0,1500.0,5.0,4800.0,1875.0,1460.0
68,Lithium-ion,BYD,Sedan,400,RWD,CCS,SEAL 82.5 kWh RWD Design,D - Large,https://ev-database.org/car/2001/BYD-SEAL-825-kWh-RWD-Design,180.0,82.5,360.0,145.0,480.0,5.9,100.0,750.0,5.0,4800.0,1875.0,1460.0
69,Lithium-ion,BYD,SUV,552,FWD,CCS,SEAL U 71.8 kWh Comfort,JD - Large,https://ev-database.org/car/2094/BYD-SEAL-U-718-kWh-Comfort,175.0,71.8,310.0,171.0,360.0,9.3,72.0,1300.0,5.0,4785.0,1890.0,1668.0
70,Lithium-ion,BYD,SUV,552,FWD,CCS,SEAL U 87 kWh Design,JD - Large,https://ev-database.org/car/2067/BYD-SEAL-U-87-kWh-Design,175.0,87.0,330.0,174.0,425.0,9.6,85.0,1300.0,5.0,4785.0,1890.0,1668.0
71,Lithium-ion,BYD,SUV,520,AWD,CCS,SEALION 7 82.5 kWh AWD Design,JD - Large,https://ev-database.org/car/3071/BYD-SEALION-7-825-kWh-AWD-Design,215.0,82.5,690.0,181.0,400.0,4.5,115.0,1500.0,5.0,4830.0,1925.0,1620.0
72,Lithium-ion,BYD,SUV,520,RWD,CCS,SEALION 7 82.5 kWh RWD Comfort,JD - Large,https://ev-database.org/car/3070/BYD-SEALION-7-825-kWh-RWD-Comfort,215.0,82.5,380.0,171.0,415.0,6.7,115.0,750.0,5.0,4830.0,1925.0,1620.0
73,Lithium-ion,BYD,SUV,520,AWD,CCS,SEALION 7 91.3 kWh AWD Excellence,JD - Large,https://ev-database.org/car/3072/BYD-SEALION-7-913-kWh-AWD-Excellence,215.0,91.3,690.0,182.0,430.0,4.5,165.0,1500.0,5.0,4830.0,1925.0,1620.0
74,Lithium-ion,BYD,SUV,235,AWD,CCS,TANG Flagship,JE - Executive,https://ev-database.org/car/2095/BYD-TANG-Flagship,190.0,108.8,700.0,205.0,460.0,4.9,100.0,1500.0,7.0,4970.0,1955.0,1745.0
75,Lithium-ion,CUPRA,Hatchback,385,RWD,CCS,Born 170 kW - 59 kWh,C - Medium,https://ev-database.org/car/2233/CUPRA-Born-170-kW---59-kWh,160.0,59.0,310.0,156.0,360.0,6.7,110.0,0.0,5.0,4322.0,1809.0,1540.0
76,Lithium-ion,CUPRA,Hatchback,385,RWD,CCS,Born 170 kW - 77 kWh,C - Medium,https://ev-database.org/car/2234/CUPRA-Born-170-kW---77-kWh,160.0,77.0,310.0,157.0,460.0,7.0,125.0,0.0,5.0,4322.0,1809.0,1540.0
77,Lithium-ion,CUPRA,Hatchback,385,RWD,CCS,Born VZ,C - Medium,https://ev-database.org/car/2128/CUPRA-Born-VZ,200.0,79.0,545.0,149.0,465.0,5.6,135.0,0.0,5.0,4322.0,1809.0,1538.0
78,Lithium-ion,CUPRA,SUV,540,RWD,CCS,Tavascan Endurance,JC - Medium,https://ev-database.org/car/1971/CUPRA-Tavascan-Endurance,180.0,77.0,545.0,142.0,445.0,6.8,120.0,1000.0,5.0,4644.0,1861.0,1597.0
79,Lithium-ion,CUPRA,SUV,540,AWD,CCS,Tavascan VZ,JC - Medium,https://ev-database.org/car/1972/CUPRA-Tavascan-VZ,180.0,77.0,545.0,150.0,425.0,5.5,120.0,1200.0,5.0,4644.0,1861.0,1597.0
80,Lithium-ion,Cadillac,SUV,793,AWD,CCS,Lyriq 600 E4,JF - Luxury,https://ev-database.org/car/2243/Cadillac-Lyriq-600-E4,210.0,102.0,610.0,192.0,460.0,5.3,165.0,1587.0,5.0,5005.0,1977.0,1623.0
81,Lithium-ion,Citroen,Small Passenger Van,775,FWD,CCS,e-Berlingo M 50 kWh,N - Passenger Van,https://ev-database.org/car/2159/Citroen-e-Berlingo-M-50-kWh,132.0,50.0,260.0,149.0,235.0,11.7,80.0,750.0,5.0,4403.0,1921.0,1803.0
82,Lithium-ion,Citroen,Small Passenger Van,1050,FWD,CCS,e-Berlingo XL 50 kWh,N - Passenger Van,https://ev-database.org/car/2160/Citroen-e-Berlingo-XL-50-kWh,132.0,50.0,260.0,149.0,230.0,11.7,80.0,750.0,7.0,4753.0,1921.0,1814.0
83,Lithium-ion,Citroen,Hatchback,310,FWD,CCS,e-C3,B - Compact,https://ev-database.org/car/2039/Citroen-e-C3,135.0,44.0,120.0,135.0,255.0,11.5,60.0,550.0,5.0,4015.0,1755.0,1577.0
84,Lithium-ion,Citroen,SUV,460,FWD,CCS,e-C3 Aircross,JB - Compact,https://ev-database.org/car/2224/Citroen-e-C3-Aircross,145.0,44.0,125.0,144.0,240.0,12.9,60.0,350.0,5.0,4395.0,1795.0,1660.0
85,Lithium-ion,Citroen,Hatchback,380,FWD,CCS,e-C4,C - Medium,https://ev-database.org/car/3047/Citroen-e-C4,150.0,46.3,260.0,135.0,285.0,9.9,78.0,0.0,5.0,4360.0,1834.0,1525.0
86,Lithium-ion,Citroen,Hatchback,380,FWD,CCS,e-C4 54 kWh,C - Medium,https://ev-database.org/car/3048/Citroen-e-C4-54-kWh,150.0,50.8,260.0,122.0,325.0,9.1,78.0,0.0,5.0,4360.0,1834.0,1525.0
87,Lithium-ion,Citroen,Sedan,510,FWD,CCS,e-C4 X,C - Medium,https://ev-database.org/car/3049/Citroen-e-C4-X,150.0,46.3,260.0,132.0,290.0,9.9,78.0,0.0,5.0,4600.0,1834.0,1525.0
88,Lithium-ion,Citroen,Sedan,510,FWD,CCS,e-C4 X 54 kWh,C - Medium,https://ev-database.org/car/3050/Citroen-e-C4-X-54-kWh,150.0,50.8,260.0,119.0,335.0,9.1,78.0,0.0,5.0,4600.0,1834.0,1525.0
89,Lithium-ion,Citroen,Small Passenger Van,603,FWD,CCS,e-SpaceTourer M 50 kWh,N - Passenger Van,https://ev-database.org/car/2252/Citroen-e-SpaceTourer-M-50-kWh,130.0,46.3,220.0,217.0,180.0,13.3,78.0,1000.0,9.0,4983.0,1920.0,1890.0
90,Lithium-ion,Citroen,Small Passenger Van,603,FWD,CCS,e-SpaceTourer M 75 kWh,N - Passenger Van,https://ev-database.org/car/2254/Citroen-e-SpaceTourer-M-75-kWh,130.0,68.0,220.0,202.0,260.0,14.2,79.0,1000.0,9.0,4983.0,1920.0,1890.0
91,Lithium-ion,Citroen,Small Passenger Van,989,FWD,CCS,e-SpaceTourer XL 50 kWh,N - Passenger Van,https://ev-database.org/car/2253/Citroen-e-SpaceTourer-XL-50-kWh,130.0,46.3,220.0,219.0,180.0,13.3,78.0,1000.0,9.0,5333.0,1920.0,1890.0
92,Lithium-ion,Citroen,Small Passenger Van,989,FWD,CCS,e-SpaceTourer XL 75 kWh,N - Passenger Van,https://ev-database.org/car/2255/Citroen-e-SpaceTourer-XL-75-kWh,130.0,68.0,220.0,204.0,260.0,14.2,79.0,1000.0,9.0,5333.0,1920.0,1890.0
93,Lithium-ion,DS,SUV,350,FWD,CCS,3 E-Tense,JB - Compact,https://ev-database.org/car/1791/DS-3-E-Tense,150.0,50.8,260.0,128.0,300.0,9.0,85.0,0.0,5.0,4118.0,1802.0,1534.0
94,Lithium-ion,DS,Hatchback,390,FWD,CCS,N°4 E-Tense,JC - Medium,https://ev-database.org/car/3200/DS-N4-E-Tense,160.0,58.3,345.0,130.0,375.0,7.1,70.0,0.0,5.0,4400.0,1866.0,1470.0
95,Lithium-ion,DS,SUV,620,AWD,CCS,N°8 AWD Long Range,JD - Large,https://ev-database.org/car/3078/DS-N8-AWD-Long-Range,190.0,97.2,511.0,146.0,530.0,5.4,130.0,1400.0,5.0,4834.0,1920.0,1574.0
96,Lithium-ion,DS,SUV,620,FWD,CCS,N°8 FWD,JD - Large,https://ev-database.org/car/3076/DS-N8-FWD,190.0,73.7,345.0,141.0,415.0,7.7,100.0,1260.0,5.0,4834.0,1920.0,1574.0
97,Lithium-ion,DS,SUV,620,FWD,CCS,N°8 FWD Long Range,JD - Large,https://ev-database.org/car/3077/DS-N8-FWD-Long-Range,190.0,97.2,345.0,136.0,545.0,7.8,130.0,1200.0,5.0,4834.0,1920.0,1574.0
98,Lithium-ion,Dacia,Hatchback,308,FWD,CCS,Spring Electric 45,A - Mini,https://ev-database.org/car/2126/Dacia-Spring-Electric-45,125.0,25.0,125.0,109.0,165.0,19.1,29.0,0.0,4.0,3700.0,1622.0,1516.0
99,Lithium-ion,Dacia,Hatchback,308,FWD,CCS,Spring Electric 65,A - Mini,https://ev-database.org/car/2127/Dacia-Spring-Electric-65,125.0,25.0,113.0,114.0,160.0,13.7,29.0,0.0,4.0,3700.0,1622.0,1516.0
100,Lithium-ion,Dongfeng,Hatchback,326,FWD,CCS,Box 31.4 kWh,B - Compact,https://ev-database.org/car/3035/Dongfeng-Box-314-kWh,140.0,29.0,160.0,126.0,190.0,12.5,50.0,1052.2610619469026,5.0,4020.0,1810.0,1570.0
101,Lithium-ion,Dongfeng,Hatchback,326,FWD,CCS,Box 42.3 kWh,B - Compact,https://ev-database.org/car/3036/Dongfeng-Box-423-kWh,140.0,40.0,160.0,129.0,255.0,12.5,51.0,1052.2610619469026,5.0,4020.0,1810.0,1570.0
102,Lithium-ion,Elaris,SUV,467,FWD,CCS,BEO 86 kWh,JD - Large,https://ev-database.org/car/1975/Elaris-BEO-86-kWh,150.0,81.0,320.0,203.0,390.0,9.5,65.0,1052.2610619469026,5.0,4698.0,1908.0,1696.0
103,Lithium-ion,Fiat,Hatchback,185,FWD,CCS,500e 3+1 24 kWh,B - Compact,https://ev-database.org/car/1726/Fiat-500e-3plus1-24-kWh,135.0,21.3,220.0,112.0,135.0,9.0,40.0,0.0,4.0,3631.0,1683.0,1529.0
104,Lithium-ion,Fiat,Hatchback,185,FWD,CCS,500e 3+1 42 kWh,B - Compact,https://ev-database.org/car/1328/Fiat-500e-3plus1-42-kWh,150.0,37.3,220.0,122.0,235.0,9.0,67.0,0.0,4.0,3631.0,1683.0,1529.0
105,Lithium-ion,Fiat,Cabriolet,185,FWD,CCS,500e Cabrio 24 kWh,B - Compact,https://ev-database.org/car/1727/Fiat-500e-Cabrio-24-kWh,135.0,21.3,220.0,112.0,135.0,9.0,40.0,0.0,4.0,3631.0,1683.0,1529.0
106,Lithium-ion,Fiat,Cabriolet,185,FWD,CCS,500e Cabrio 42 kWh,B - Compact,https://ev-database.org/car/1275/Fiat-500e-Cabrio-42-kWh,150.0,37.3,220.0,125.0,230.0,9.0,67.0,0.0,4.0,3631.0,1683.0,1529.0
107,Lithium-ion,Fiat,Hatchback,185,FWD,CCS,500e Hatchback 24 kWh,B - Compact,https://ev-database.org/car/1327/Fiat-500e-Hatchback-24-kWh,135.0,21.3,220.0,112.0,135.0,9.0,40.0,0.0,4.0,3631.0,1683.0,1529.0
108,Lithium-ion,Fiat,Hatchback,185,FWD,CCS,500e Hatchback 42 kWh,B - Compact,https://ev-database.org/car/1285/Fiat-500e-Hatchback-42-kWh,150.0,37.3,220.0,118.0,235.0,9.0,67.0,0.0,4.0,3631.0,1683.0,1529.0
109,Lithium-ion,Fiat,SUV,360,FWD,CCS,600e,JB - Compact,https://ev-database.org/car/1945/Fiat-600e,150.0,50.8,260.0,124.0,310.0,9.0,79.0,0.0,5.0,4171.0,1781.0,1523.0
110,Lithium-ion,Fiat,Hatchback,361,FWD,CCS,Grande Panda,B - Compact,https://ev-database.org/car/2251/Fiat-Grande-Panda,132.0,43.8,122.0,136.0,260.0,11.0,60.0,550.0,5.0,3999.0,1763.0,1570.0
111,Lithium-ion,Ford,Liftback Sedan,572,AWD,CCS,Capri Extended Range AWD,D - Large,https://ev-database.org/car/2242/Ford-Capri-Extended-Range-AWD,180.0,79.0,679.0,148.0,455.0,5.3,135.0,1200.0,5.0,4643.0,1872.0,1626.0
112,Lithium-ion,Ford,Liftback Sedan,572,RWD,CCS,Capri Extended Range RWD,D - Large,https://ev-database.org/car/2241/Ford-Capri-Extended-Range-RWD,180.0,77.0,545.0,135.0,455.0,6.4,120.0,1000.0,5.0,4643.0,1872.0,1626.0
113,Lithium-ion,Ford,Liftback Sedan,572,RWD,CCS,Capri Standard Range RWD,D - Large,https://ev-database.org/car/2240/Ford-Capri-Standard-Range-RWD,160.0,52.0,310.0,163.0,320.0,9.0,85.0,1000.0,5.0,4643.0,1872.0,1626.0
114,Lithium-ion,Ford,SUV,536,AWD,CCS,Explorer Extended Range AWD,JC - Medium,https://ev-database.org/car/2169/Ford-Explorer-Extended-Range-AWD,180.0,79.0,679.0,153.0,440.0,5.3,135.0,1200.0,5.0,4468.0,1871.0,1639.0
115,Lithium-ion,Ford,SUV,536,RWD,CCS,Explorer Extended Range RWD,JC - Medium,https://ev-database.org/car/2168/Ford-Explorer-Extended-Range-RWD,180.0,77.0,545.0,139.0,435.0,6.4,120.0,1000.0,5.0,4468.0,1871.0,1630.0
116,Lithium-ion,Ford,SUV,536,RWD,CCS,Explorer Standard Range RWD,JC - Medium,https://ev-database.org/car/2167/Ford-Explorer-Standard-Range-RWD,160.0,52.0,310.0,137.0,305.0,8.7,85.0,1000.0,5.0,4468.0,1871.0,1630.0
117,Lithium-ion,Ford,SUV,519,AWD,CCS,Mustang Mach-E ER AWD (MY25),JD - Large,https://ev-database.org/car/3189/Ford-Mustang-Mach-E-ER-AWD,180.0,88.0,675.0,160.0,435.0,4.8,105.0,1500.0,5.0,4713.0,1881.0,1624.0
118,Lithium-ion,Ford,SUV,519,AWD,CCS,Mustang Mach-E ER AWD (MY24),JD - Large,https://ev-database.org/car/2279/Ford-Mustang-Mach-E-ER-AWD,180.0,91.0,675.0,165.0,445.0,4.6,115.0,1500.0,5.0,4713.0,1881.0,1624.0
119,Lithium-ion,Ford,SUV,519,RWD,CCS,Mustang Mach-E ER RWD (MY25),JD - Large,https://ev-database.org/car/3188/Ford-Mustang-Mach-E-ER-RWD,180.0,88.0,525.0,147.0,475.0,6.1,105.0,1500.0,5.0,4713.0,1881.0,1624.0
120,Lithium-ion,Ford,SUV,519,RWD,CCS,Mustang Mach-E ER RWD (MY24),JD - Large,https://ev-database.org/car/2278/Ford-Mustang-Mach-E-ER-RWD,180.0,91.0,525.0,152.0,480.0,5.9,115.0,1500.0,5.0,4713.0,1881.0,1624.0
121,Lithium-ion,Ford,SUV,519,AWD,CCS,Mustang Mach-E GT (MY24),JD - Large,https://ev-database.org/car/2280/Ford-Mustang-Mach-E-GT,200.0,91.0,950.0,177.0,425.0,3.8,115.0,750.0,5.0,4743.0,1881.0,1613.0
122,Lithium-ion,Ford,SUV,519,AWD,CCS,Mustang Mach-E GT (MY25),JD - Large,https://ev-database.org/car/3190/Ford-Mustang-Mach-E-GT,200.0,91.0,950.0,177.0,435.0,3.8,115.0,750.0,5.0,4743.0,1881.0,1613.0
123,Lithium-ion,Ford,SUV,519,AWD,CCS,Mustang Mach-E Rally (MY25),JD - Large,https://ev-database.org/car/3191/Ford-Mustang-Mach-E-Rally,200.0,91.0,950.0,178.0,415.0,3.9,115.0,750.0,5.0,4743.0,1881.0,1633.0
124,Lithium-ion,Ford,SUV,519,AWD,CCS,Mustang Mach-E Rally (MY24),JD - Large,https://ev-database.org/car/2275/Ford-Mustang-Mach-E-Rally,200.0,91.0,950.0,178.0,410.0,3.9,115.0,750.0,5.0,4743.0,1881.0,1633.0
125,Lithium-ion,Ford,SUV,519,RWD,CCS,Mustang Mach-E SR RWD (MY24),JD - Large,https://ev-database.org/car/2277/Ford-Mustang-Mach-E-SR-RWD,180.0,72.6,525.0,154.0,385.0,6.2,100.0,750.0,5.0,4713.0,1881.0,1624.0
126,Lithium-ion,Ford,SUV,519,RWD,CCS,Mustang Mach-E SR RWD (MY25),JD - Large,https://ev-database.org/car/3187/Ford-Mustang-Mach-E-SR-RWD,180.0,72.6,525.0,154.0,380.0,6.2,100.0,750.0,5.0,4713.0,1881.0,1624.0
127,Lithium-ion,Ford,SUV,523,FWD,CCS,Puma Gen-E,JB - Compact,https://ev-database.org/car/3073/Ford-Puma-Gen-E,160.0,43.6,290.0,126.0,275.0,8.0,85.0,750.0,5.0,4214.0,1805.0,1555.0
128,Lithium-ion,Ford,Small Passenger Van,,FWD,CCS,e-Tourneo Courier,N - Passenger Van,https://ev-database.org/car/3166/Ford-e-Tourneo-Courier,145.0,43.6,290.0,164.0,200.0,11.0,80.0,750.0,5.0,4337.0,1876.0,1817.0
129,Lithium-ion,Ford,Small Passenger Van,672,RWD,CCS,e-Tourneo Custom L1 160 kW,N - Passenger Van,https://ev-database.org/car/3162/Ford-e-Tourneo-Custom-L1-160-kW,130.0,64.0,415.0,370.0,235.0,9.0,70.0,2000.0,8.0,5050.0,1999.0,1959.0
130,Lithium-ion,Ford,Small Passenger Van,672,RWD,CCS,e-Tourneo Custom L1 210 kW,N - Passenger Van,https://ev-database.org/car/3163/Ford-e-Tourneo-Custom-L1-210-kW,130.0,64.0,415.0,370.0,235.0,8.0,70.0,2000.0,8.0,5050.0,1999.0,1959.0
131,Lithium-ion,Ford,Small Passenger Van,672,RWD,CCS,e-Tourneo Custom L2 160 kW,N - Passenger Van,https://ev-database.org/car/3164/Ford-e-Tourneo-Custom-L2-160-kW,150.0,64.0,415.0,370.0,235.0,9.0,70.0,2000.0,8.0,5908.0,1999.0,1959.0
132,Lithium-ion,Ford,Small Passenger Van,672,RWD,CCS,e-Tourneo Custom L2 210 kW,N - Passenger Van,https://ev-database.org/car/3165/Ford-e-Tourneo-Custom-L2-210-kW,150.0,64.0,415.0,370.0,235.0,8.0,70.0,2000.0,8.0,5908.0,1999.0,1959.0
133,Lithium-ion,GWM,Hatchback,228,FWD,CCS,ORA 03 48 kWh,C - Medium,https://ev-database.org/car/2091/GWM-ORA-03-48-kWh,160.0,45.4,250.0,146.0,260.0,8.3,45.0,0.0,5.0,4235.0,1825.0,1603.0
134,Lithium-ion,GWM,Hatchback,228,FWD,CCS,ORA 03 63 kWh,C - Medium,https://ev-database.org/car/2092/GWM-ORA-03-63-kWh,160.0,59.3,250.0,141.0,340.0,8.2,56.0,0.0,5.0,4235.0,1825.0,1603.0
135,Lithium-ion,GWM,Hatchback,228,FWD,CCS,ORA 03 GT,C - Medium,https://ev-database.org/car/2093/GWM-ORA-03-GT,160.0,59.3,250.0,148.0,325.0,8.2,56.0,0.0,5.0,4254.0,1848.0,1603.0
136,Lithium-ion,GWM,Sedan,333,AWD,CCS,ORA 07 GT,D - Large,https://ev-database.org/car/2247/GWM-ORA-07-GT,180.0,83.5,680.0,161.0,430.0,4.5,80.0,0.0,5.0,4871.0,1862.0,1500.0
137,Lithium-ion,GWM,Sedan,333,FWD,CCS,ORA 07 Pro,D - Large,https://ev-database.org/car/2246/GWM-ORA-07-Pro,170.0,64.3,340.0,146.0,350.0,8.2,75.0,0.0,5.0,4871.0,1862.0,1500.0
138,Lithium-ion,GWM,Sedan,333,FWD,CCS,ORA 07 Pure,D - Large,https://ev-database.org/car/2245/GWM-ORA-07-Pure,170.0,64.3,340.0,146.0,350.0,8.2,75.0,0.0,5.0,4871.0,1862.0,1500.0
139,Lithium-ion,Genesis,Sedan,354,AWD,CCS,G80 Electrified Luxury,F - Luxury,https://ev-database.org/car/1703/Genesis-G80-Electrified-Luxury,225.0,82.5,700.0,159.0,440.0,4.9,160.0,1052.2610619469026,5.0,5005.0,1925.0,1470.0
140,Lithium-ion,Genesis,SUV,432,RWD,CCS,GV60 Premium,JC - Medium,https://ev-database.org/car/1647/Genesis-GV60-Premium,185.0,74.0,350.0,143.0,390.0,7.8,200.0,1600.0,5.0,4515.0,1890.0,1580.0
141,Lithium-ion,Genesis,SUV,432,AWD,CCS,GV60 Sport,JC - Medium,https://ev-database.org/car/1648/Genesis-GV60-Sport,200.0,74.0,605.0,157.0,375.0,5.5,200.0,1600.0,5.0,4515.0,1890.0,1580.0
142,Lithium-ion,Genesis,SUV,432,AWD,CCS,GV60 Sport Plus,JC - Medium,https://ev-database.org/car/1649/Genesis-GV60-Sport-Plus,235.0,74.0,700.0,159.0,360.0,4.0,200.0,1600.0,5.0,4515.0,1890.0,1580.0
143,Lithium-ion,Genesis,SUV,503,AWD,CCS,GV70 Electrified Sport,JD - Large,https://ev-database.org/car/1725/Genesis-GV70-Electrified-Sport,235.0,74.0,700.0,163.0,350.0,4.2,190.0,1800.0,5.0,4715.0,1910.0,1630.0
144,Lithium-ion,Honda,SUV,361,FWD,CCS,e:Ny1,JB - Compact,https://ev-database.org/car/1940/Honda-eNy1,160.0,61.9,310.0,150.0,335.0,7.6,60.0,0.0,5.0,4387.0,1790.0,1584.0
145,Lithium-ion,Hongqi,SUV,438,AWD,CCS,E-HS9 120 kWh,JF - Luxury,https://ev-database.org/car/2050/Hongqi-E-HS9-120-kWh,200.0,112.0,750.0,217.0,455.0,4.9,110.0,1500.0,5.0,5209.0,2010.0,1731.0
146,Lithium-ion,Hongqi,SUV,438,AWD,CCS,E-HS9 84 kWh,JF - Luxury,https://ev-database.org/car/1746/Hongqi-E-HS9-84-kWh,200.0,76.5,600.0,193.0,320.0,6.5,112.0,1500.0,5.0,5209.0,2010.0,1731.0
147,Lithium-ion,Hongqi,SUV,438,AWD,CCS,E-HS9 99 kWh,JF - Luxury,https://ev-database.org/car/1747/Hongqi-E-HS9-99-kWh,200.0,90.0,750.0,194.0,370.0,4.9,112.0,1500.0,5.0,5209.0,2010.0,1731.0
148,Lithium-ion,Hyundai,SUV,280,FWD,CCS,INSTER Long Range,JA - Mini,https://ev-database.org/car/2231/Hyundai-INSTER-Long-Range,150.0,46.0,147.0,124.0,300.0,10.6,70.0,1052.2610619469026,4.0,3825.0,1610.0,1575.0
149,Lithium-ion,Hyundai,SUV,280,FWD,CCS,INSTER Standard Range,JA - Mini,https://ev-database.org/car/2230/Hyundai-INSTER-Standard-Range,140.0,39.0,147.0,119.0,255.0,11.7,60.0,1052.2610619469026,4.0,3825.0,1610.0,1575.0
150,Lithium-ion,Hyundai,SUV,520,RWD,CCS,IONIQ 5 63 kWh RWD (MY24),JC - Medium,https://ev-database.org/car/2235/Hyundai-IONIQ-5-63-kWh-RWD,185.0,60.0,350.0,136.0,345.0,8.5,150.0,750.0,5.0,4655.0,1890.0,1605.0
151,Lithium-ion,Hyundai,SUV,520,AWD,CCS,IONIQ 5 84 kWh AWD (MY24),JC - Medium,https://ev-database.org/car/2237/Hyundai-IONIQ-5-84-kWh-AWD,185.0,80.0,605.0,162.0,445.0,5.3,205.0,1600.0,5.0,4655.0,1890.0,1605.0
152,Lithium-ion,Hyundai,SUV,520,RWD,CCS,IONIQ 5 84 kWh RWD (MY24),JC - Medium,https://ev-database.org/car/2236/Hyundai-IONIQ-5-84-kWh-RWD,185.0,80.0,350.0,155.0,450.0,7.5,205.0,1600.0,5.0,4655.0,1890.0,1605.0
153,Lithium-ion,Hyundai,SUV,480,AWD,CCS,IONIQ 5 N (MY24),JC - Medium,https://ev-database.org/car/2044/Hyundai-IONIQ-5-N,260.0,80.0,740.0,179.0,390.0,3.4,205.0,0.0,5.0,4715.0,1940.0,1585.0
154,Lithium-ion,Hyundai,Sedan,401,RWD,CCS,IONIQ 6 Long Range 2WD,D - Large,https://ev-database.org/car/1718/Hyundai-IONIQ-6-Long-Range-2WD,185.0,74.0,350.0,136.0,495.0,7.4,200.0,1500.0,5.0,4855.0,1880.0,1495.0
155,Lithium-ion,Hyundai,Sedan,401,AWD,CCS,IONIQ 6 Long Range AWD,D - Large,https://ev-database.org/car/1719/Hyundai-IONIQ-6-Long-Range-AWD,185.0,74.0,605.0,143.0,440.0,5.1,200.0,1500.0,5.0,4855.0,1880.0,1495.0
156,Lithium-ion,Hyundai,Sedan,401,RWD,CCS,IONIQ 6 Standard Range 2WD,D - Large,https://ev-database.org/car/1717/Hyundai-IONIQ-6-Standard-Range-2WD,185.0,50.0,350.0,117.0,335.0,8.8,120.0,750.0,5.0,4855.0,1880.0,1495.0
157,Lithium-ion,Hyundai,SUV,338,AWD,CCS,IONIQ 9 Long Range AWD,JF - Luxury,https://ev-database.org/car/3068/Hyundai-IONIQ-9-Long-Range-AWD,200.0,106.0,605.0,177.0,490.0,6.7,195.0,2500.0,7.0,5060.0,1980.0,1790.0
158,Lithium-ion,Hyundai,SUV,338,RWD,CCS,IONIQ 9 Long Range RWD,JF - Luxury,https://ev-database.org/car/3067/Hyundai-IONIQ-9-Long-Range-RWD,185.0,106.0,350.0,171.0,500.0,9.4,195.0,1600.0,7.0,5060.0,1980.0,1790.0
159,Lithium-ion,Hyundai,SUV,338,AWD,CCS,IONIQ 9 Performance AWD,JF - Luxury,https://ev-database.org/car/3069/Hyundai-IONIQ-9-Performance-AWD,200.0,106.0,700.0,177.0,480.0,5.2,195.0,2500.0,7.0,5060.0,1980.0,1790.0
160,Lithium-ion,Hyundai,SUV,466,FWD,CCS,Kona Electric 48 kWh,JB - Compact,https://ev-database.org/car/1829/Hyundai-Kona-Electric-48-kWh,160.0,48.4,255.0,128.0,295.0,8.8,50.0,300.0,5.0,4355.0,1825.0,1575.0
161,Lithium-ion,Hyundai,SUV,466,FWD,CCS,Kona Electric 65 kWh,JB - Compact,https://ev-database.org/car/1830/Hyundai-Kona-Electric-65-kWh,170.0,65.4,255.0,144.0,390.0,7.8,86.0,750.0,5.0,4355.0,1825.0,1575.0
162,Lithium-ion,Jaguar,SUV,505,AWD,CCS,I-Pace EV400,JD - Large,https://ev-database.org/car/1812/Jaguar-I-Pace-EV400,200.0,84.7,696.0,208.0,380.0,4.8,85.0,750.0,5.0,4682.0,2011.0,1566.0
163,Lithium-ion,Jeep,SUV,355,FWD,CCS,Avenger Electric,JB - Compact,https://ev-database.org/car/1816/Jeep-Avenger-Electric,150.0,50.8,260.0,132.0,310.0,9.0,85.0,0.0,5.0,4084.0,1776.0,1528.0
164,Lithium-ion,Jeep,SUV,550,FWD,CCS,Compass Electric 74 kWh,JC - Medium,https://ev-database.org/car/3181/Jeep-Compass-Electric-74-kWh,180.0,74.0,345.0,148.0,370.0,8.5,90.0,1000.0,5.0,4552.0,1928.0,1675.0
165,Lithium-ion,KGM,SUV,839,FWD,CCS,Torres EVX,JC - Medium,https://ev-database.org/car/2189/KGM-Torres-EVX,175.0,72.0,339.0,156.0,370.0,8.1,85.0,1500.0,5.0,4715.0,1890.0,1725.0
166,Lithium-ion,Kia,SUV,460,FWD,CCS,EV3 Long Range,JB - Compact,https://ev-database.org/car/2212/Kia-EV3-Long-Range,170.0,78.0,283.0,139.0,455.0,7.7,105.0,1000.0,5.0,4300.0,1850.0,1560.0
167,Lithium-ion,Kia,SUV,460,FWD,CCS,EV3 Standard Range,JB - Compact,https://ev-database.org/car/2211/Kia-EV3-Standard-Range,170.0,55.0,283.0,133.0,325.0,7.5,80.0,300.0,5.0,4300.0,1850.0,1560.0
168,Lithium-ion,Kia,Hatchback,435,FWD,CCS,EV4 Hatchback Long Range,C - Medium,https://ev-database.org/car/3124/Kia-EV4-Hatchback-Long-Range,170.0,78.0,283.0,132.0,475.0,7.7,105.0,1052.2610619469026,5.0,4430.0,1860.0,1485.0
169,Lithium-ion,Kia,Hatchback,435,FWD,CCS,EV4 Hatchback Standard Range,C - Medium,https://ev-database.org/car/3123/Kia-EV4-Hatchback-Standard-Range,170.0,55.0,283.0,134.0,340.0,7.4,80.0,1052.2610619469026,5.0,4430.0,1860.0,1485.0
170,Lithium-ion,Kia,Sedan,490,FWD,CCS,EV4 Sedan Long Range,C - Medium,https://ev-database.org/car/3122/Kia-EV4-Sedan-Long-Range,170.0,78.0,283.0,124.0,495.0,7.7,105.0,1052.2610619469026,5.0,4730.0,1860.0,1480.0
171,Lithium-ion,Kia,Sedan,490,FWD,CCS,EV4 Sedan Standard Range,C - Medium,https://ev-database.org/car/3121/Kia-EV4-Sedan-Standard-Range,170.0,55.0,283.0,128.0,355.0,7.4,80.0,1052.2610619469026,5.0,4730.0,1860.0,1480.0
172,Lithium-ion,Kia,SUV,480,AWD,CCS,EV6 GT,JC - Medium,https://ev-database.org/car/3079/Kia-EV6-GT,260.0,80.0,770.0,178.0,385.0,3.5,205.0,1800.0,5.0,4695.0,1890.0,1545.0
173,Lithium-ion,Kia,SUV,490,RWD,CCS,EV6 Long Range 2WD,JC - Medium,https://ev-database.org/car/3028/Kia-EV6-Long-Range-2WD,185.0,80.0,350.0,143.0,455.0,7.3,205.0,1800.0,5.0,4695.0,1880.0,1575.0
174,Lithium-ion,Kia,SUV,490,AWD,CCS,EV6 Long Range AWD,JC - Medium,https://ev-database.org/car/3029/Kia-EV6-Long-Range-AWD,185.0,80.0,605.0,154.0,440.0,5.2,205.0,1800.0,5.0,4695.0,1880.0,1575.0
175,Lithium-ion,Kia,SUV,490,RWD,CCS,EV6 Standard Range 2WD,JC - Medium,https://ev-database.org/car/3030/Kia-EV6-Standard-Range-2WD,185.0,60.0,350.0,140.0,345.0,8.7,150.0,750.0,5.0,4695.0,1880.0,1575.0
176,Lithium-ion,Kia,SUV,333,RWD,CCS,EV9 76.1 kWh RWD,JF - Luxury,https://ev-database.org/car/1833/Kia-EV9-761-kWh-RWD,190.0,73.0,350.0,165.0,355.0,8.5,160.0,900.0,7.0,5010.0,1980.0,1755.0
177,Lithium-ion,Kia,SUV,333,AWD,CCS,EV9 99.8 kWh AWD,JF - Luxury,https://ev-database.org/car/1835/Kia-EV9-998-kWh-AWD,200.0,96.0,600.0,188.0,435.0,6.0,194.0,2500.0,7.0,5010.0,1980.0,1755.0
178,Lithium-ion,Kia,SUV,333,AWD,CCS,EV9 99.8 kWh AWD GT,JF - Luxury,https://ev-database.org/car/3196/Kia-EV9-998-kWh-AWD-GT,220.0,96.0,740.0,190.0,420.0,4.6,194.0,2500.0,7.0,5015.0,1980.0,1755.0
179,Lithium-ion,Kia,SUV,333,AWD,CCS,EV9 99.8 kWh AWD GT-Line,JF - Luxury,https://ev-database.org/car/1993/Kia-EV9-998-kWh-AWD-GT-Line,200.0,96.0,700.0,190.0,425.0,5.3,194.0,2500.0,7.0,5015.0,1980.0,1780.0
180,Lithium-ion,Kia,SUV,333,RWD,CCS,EV9 99.8 kWh RWD,JF - Luxury,https://ev-database.org/car/1834/Kia-EV9-998-kWh-RWD,185.0,96.0,350.0,171.0,450.0,9.4,194.0,900.0,7.0,5010.0,1980.0,1755.0
181,Lithium-ion,Kia,SUV,475,FWD,CCS,Niro EV,JC - Medium,https://ev-database.org/car/1666/Kia-Niro-EV,167.0,64.8,255.0,140.0,385.0,7.8,70.0,750.0,5.0,4420.0,1825.0,1570.0
182,Lithium-ion,Lancia,Hatchback,309,FWD,CCS,Ypsilon,B - Compact,https://ev-database.org/car/2117/Lancia-Ypsilon,150.0,48.1,260.0,122.0,310.0,8.2,80.0,0.0,5.0,4080.0,1760.0,1440.0
183,Lithium-ion,Leapmotor,SUV,435,RWD,CCS,C10,JD - Large,https://ev-database.org/car/3040/Leapmotor-C10,170.0,69.9,320.0,166.0,350.0,7.5,70.0,1500.0,5.0,4739.0,1900.0,1680.0
184,Lithium-ion,Leapmotor,Hatchback,210,FWD,CCS,T03,A - Mini,https://ev-database.org/car/3039/Leapmotor-T03,130.0,36.0,158.0,136.0,225.0,12.7,30.0,1052.2610619469026,4.0,3620.0,1652.0,1577.0
185,Lithium-ion,Lexus,SUV,522,FWD,CCS,RZ 300e,JC - Medium,https://ev-database.org/car/3027/Lexus-RZ-300e,160.0,64.0,266.0,149.0,365.0,8.0,100.0,750.0,5.0,4690.0,1860.0,1600.0
186,Lithium-ion,Lexus,SUV,522,AWD,CCS,RZ 450e,JD - Large,https://ev-database.org/car/1677/Lexus-RZ-450e,160.0,64.0,435.0,158.0,350.0,5.6,100.0,750.0,5.0,4805.0,1895.0,1635.0
187,Lithium-ion,Lexus,SUV,316,FWD,CHAdeMO,UX 300e,JC - Medium,https://ev-database.org/car/1943/Lexus-UX-300e,160.0,64.0,300.0,145.0,340.0,7.5,35.0,0.0,5.0,4495.0,1840.0,1545.0
188,Lithium-ion,Lotus,SUV,611,AWD,CCS,Eletre,JF - Luxury,https://ev-database.org/car/1767/Lotus-Eletre,250.0,109.0,710.0,204.0,495.0,4.5,259.0,2250.0,5.0,5103.0,2019.0,1630.0
189,Lithium-ion,Lotus,SUV,611,AWD,CCS,Eletre R,JF - Luxury,https://ev-database.org/car/1768/Lotus-Eletre-R,260.0,109.0,985.0,266.0,455.0,2.9,259.0,2250.0,5.0,5103.0,2019.0,1636.0
190,Lithium-ion,Lotus,SUV,611,AWD,CCS,Eletre S,JF - Luxury,https://ev-database.org/car/2066/Lotus-Eletre-S,250.0,109.0,710.0,222.0,480.0,4.5,259.0,2250.0,5.0,5103.0,2019.0,1630.0
191,Lithium-ion,Lotus,Liftback Sedan,509,AWD,CCS,Emeya,F - Luxury,https://ev-database.org/car/2141/Lotus-Emeya,250.0,98.9,710.0,198.0,520.0,4.2,240.0,2250.0,5.0,5139.0,2005.0,1464.0
192,Lithium-ion,Lotus,Liftback Sedan,509,AWD,CCS,Emeya R,F - Luxury,https://ev-database.org/car/2143/Lotus-Emeya-R,256.0,98.9,985.0,227.0,465.0,2.8,240.0,1225.0,5.0,5139.0,2005.0,1464.0
193,Lithium-ion,Lotus,Liftback Sedan,509,AWD,CCS,Emeya S,F - Luxury,https://ev-database.org/car/2142/Lotus-Emeya-S,250.0,98.9,710.0,198.0,520.0,4.2,240.0,2250.0,5.0,5139.0,2005.0,1464.0
194,Lithium-ion,Lucid,Sedan,456,AWD,CCS,Air Grand Touring,F - Luxury,https://ev-database.org/car/1316/Lucid-Air-Grand-Touring,270.0,112.0,1200.0,143.0,665.0,3.0,184.0,0.0,5.0,4975.0,1939.0,1410.0
195,Lithium-ion,Lucid,Sedan,456,RWD,CCS,Air Pure RWD,F - Luxury,https://ev-database.org/car/2116/Lucid-Air-Pure-RWD,200.0,92.0,498.0127388535032,130.0,565.0,4.7,160.0,0.0,5.0,4975.0,1939.0,1410.0
196,Lithium-ion,Lucid,Sedan,456,AWD,CCS,Air Touring,F - Luxury,https://ev-database.org/car/1317/Lucid-Air-Touring,250.0,92.0,498.0127388535032,142.0,580.0,3.2,160.0,0.0,5.0,4975.0,1939.0,1410.0
197,Lithium-ion,Lynk&Co,SUV,410,RWD,CCS,02,JC - Medium,https://ev-database.org/car/3045/LynkCo-02,180.0,65.0,343.0,149.0,370.0,5.5,90.0,1600.0,5.0,4460.0,1845.0,1573.0
198,Lithium-ion,MG,Cabriolet,249,AWD,CCS,Cyberster GT,G - Sports,https://ev-database.org/car/2203/MG-Cyberster-GT,200.0,74.4,725.0,168.0,395.0,3.2,85.0,1052.2610619469026,2.0,4535.0,1913.0,1329.0
199,Lithium-ion,MG,Cabriolet,249,RWD,CCS,Cyberster Trophy,G - Sports,https://ev-database.org/car/2202/MG-Cyberster-Trophy,195.0,74.4,475.0,146.0,425.0,5.0,85.0,1052.2610619469026,2.0,4535.0,1913.0,1329.0
200,Lithium-ion,MG,Hatchback,363,RWD,CCS,4 Electric 51 kWh,C - Medium,https://ev-database.org/car/1707/MG-MG4-Electric-51-kWh,160.0,50.8,250.0,145.0,300.0,7.7,68.0,500.0,5.0,4287.0,1836.0,1504.0
201,Lithium-ion,MG,Hatchback,363,RWD,CCS,4 Electric 64 kWh,C - Medium,https://ev-database.org/car/1708/MG-MG4-Electric-64-kWh,160.0,61.7,250.0,142.0,360.0,7.9,116.0,500.0,5.0,4287.0,1836.0,1504.0
202,Lithium-ion,MG,Hatchback,363,RWD,CCS,4 Electric 77 kWh,C - Medium,https://ev-database.org/car/1973/MG-MG4-Electric-77-kWh,180.0,74.4,350.0,143.0,425.0,6.5,110.0,500.0,5.0,4287.0,1836.0,1516.0
203,Lithium-ion,MG,Hatchback,363,AWD,CCS,4 Electric XPOWER,C - Medium,https://ev-database.org/car/1944/MG-MG4-Electric-XPOWER,200.0,61.7,600.0,160.0,320.0,3.8,116.0,500.0,5.0,4287.0,1836.0,1516.0
204,Lithium-ion,MG,Station/Estate,479,FWD,CCS,5 Electric Long Range,C - Medium,https://ev-database.org/car/1474/MG-MG5-Electric-Long-Range,185.0,57.4,280.0,151.0,335.0,7.7,60.0,500.0,5.0,4600.0,1818.0,1543.0
205,Lithium-ion,MG,Station/Estate,479,FWD,CCS,5 Electric Standard Range,C - Medium,https://ev-database.org/car/1646/MG-MG5-Electric-Standard-Range,185.0,46.0,280.0,148.0,265.0,7.7,53.0,500.0,5.0,4600.0,1818.0,1543.0
206,Lithium-ion,MG,SUV,453,RWD,CCS,S5  EV 49 kWh,JC - Medium,https://ev-database.org/car/3146/MG-MGS5--EV-49-kWh,170.0,47.1,250.0,139.0,275.0,8.0,80.0,750.0,5.0,4476.0,1849.0,1621.0
207,Lithium-ion,MG,SUV,453,RWD,CCS,S5  EV 64 kWh,JC - Medium,https://ev-database.org/car/3147/MG-MGS5--EV-64-kWh,190.0,62.1,350.0,134.0,365.0,6.3,90.0,750.0,5.0,4476.0,1849.0,1621.0
208,Lithium-ion,MG,SUV,448,FWD,CCS,ZS EV Long Range,JB - Compact,https://ev-database.org/car/1541/MG-ZS-EV-Long-Range,175.0,68.3,280.0,155.0,370.0,8.4,82.0,500.0,5.0,4323.0,1809.0,1649.0
209,Lithium-ion,MG,SUV,448,FWD,CCS,ZS EV Standard Range,JB - Compact,https://ev-database.org/car/1540/MG-ZS-EV-Standard-Range,175.0,49.0,280.0,153.0,265.0,8.6,50.0,500.0,5.0,4323.0,1809.0,1649.0
210,Lithium-ion,Maserati,Cabriolet,151,AWD,CCS,GranCabrio Folgore,F - Luxury,https://ev-database.org/car/2187/Maserati-GranCabrio-Folgore,290.0,83.0,1350.0,198.0,395.0,2.8,190.0,1052.2610619469026,4.0,4966.0,1957.0,1365.0
211,Lithium-ion,Maserati,Coupe,270,AWD,CCS,GranTurismo Folgore,F - Luxury,https://ev-database.org/car/1803/Maserati-GranTurismo-Folgore,325.0,83.0,1350.0,182.0,420.0,2.7,217.0,1052.2610619469026,4.0,4959.0,1957.0,1353.0
212,Lithium-ion,Maserati,SUV,535,AWD,CCS,Grecale Folgore,JE - Executive,https://ev-database.org/car/1843/Maserati-Grecale-Folgore,220.0,95.0,820.0,220.0,400.0,4.1,110.0,1800.0,5.0,4865.0,1948.0,1651.0
213,Lithium-ion,Maxus,Small Passenger Van,31 Banana Boxes,FWD,CCS,MIFA 9,N - Passenger Van,https://ev-database.org/car/1837/Maxus-MIFA-9,180.0,84.0,350.0,195.0,365.0,9.2,103.0,1000.0,7.0,5270.0,2000.0,1840.0
214,Lithium-ion,Mazda,Liftback Sedan,456,RWD,CCS,6e 68.8 kWh,D - Large,https://ev-database.org/car/3107/Mazda-6e-688-kWh,175.0,66.0,320.0,138.0,390.0,7.6,120.0,1500.0,5.0,4921.0,1890.0,1491.0
215,Lithium-ion,Mazda,Liftback Sedan,456,RWD,CCS,6e Long Range 80 kWh,D - Large,https://ev-database.org/car/3108/Mazda-6e-Long-Range-80-kWh,175.0,75.0,320.0,136.0,440.0,7.8,70.0,1500.0,5.0,4921.0,1890.0,1491.0
216,Lithium-ion,Mercedes-Benz,Sedan,405,RWD,CCS,CLA 250+,D - Large,https://ev-database.org/car/3139/Mercedes-Benz-CLA-250plus,210.0,85.0,335.0,122.0,565.0,6.7,235.0,1500.0,5.0,4723.0,1855.0,1468.0
217,Lithium-ion,Mercedes-Benz,Sedan,405,AWD,CCS,CLA 350 4MATIC,D - Large,https://ev-database.org/car/3140/Mercedes-Benz-CLA-350-4MATIC,210.0,85.0,515.0,126.0,550.0,4.9,235.0,1800.0,5.0,4723.0,1855.0,1468.0
218,Lithium-ion,Mercedes-Benz,SUV,340,FWD,CCS,EQA 250,JC - Medium,https://ev-database.org/car/1984/Mercedes-Benz-EQA-250,160.0,66.5,385.0,146.0,395.0,8.6,100.0,1500.0,5.0,4463.0,1834.0,1620.0
219,Lithium-ion,Mercedes-Benz,SUV,340,FWD,CCS,EQA 250+,JC - Medium,https://ev-database.org/car/1985/Mercedes-Benz-EQA-250plus,160.0,70.5,385.0,142.0,420.0,8.6,90.0,1500.0,5.0,4463.0,1834.0,1620.0
220,Lithium-ion,Mercedes-Benz,SUV,340,AWD,CCS,EQA 300 4MATIC,JC - Medium,https://ev-database.org/car/1986/Mercedes-Benz-EQA-300-4MATIC,160.0,66.5,390.0,162.0,350.0,7.7,100.0,1800.0,5.0,4463.0,1834.0,1620.0
221,Lithium-ion,Mercedes-Benz,SUV,340,AWD,CCS,EQA 350 4MATIC,JC - Medium,https://ev-database.org/car/1987/Mercedes-Benz-EQA-350-4MATIC,160.0,66.5,520.0,162.0,350.0,6.0,100.0,1800.0,5.0,4463.0,1834.0,1620.0
222,Lithium-ion,Mercedes-Benz,SUV,495,FWD,CCS,EQB 250+,JC - Medium,https://ev-database.org/car/1988/Mercedes-Benz-EQB-250plus,160.0,70.5,385.0,152.0,415.0,8.9,90.0,1400.0,7.0,4684.0,1834.0,1667.0
223,Lithium-ion,Mercedes-Benz,SUV,495,AWD,CCS,EQB 300 4MATIC,JC - Medium,https://ev-database.org/car/1989/Mercedes-Benz-EQB-300-4MATIC,160.0,66.5,390.0,168.0,345.0,8.0,100.0,1700.0,7.0,4684.0,1834.0,1667.0
224,Lithium-ion,Mercedes-Benz,SUV,495,AWD,CCS,EQB 350 4MATIC,JC - Medium,https://ev-database.org/car/1990/Mercedes-Benz-EQB-350-4MATIC,160.0,66.5,520.0,168.0,345.0,6.2,100.0,1700.0,7.0,4684.0,1834.0,1667.0
225,Lithium-ion,Mercedes-Benz,Sedan,430,RWD,CCS,EQE 300,E - Executive,https://ev-database.org/car/2204/Mercedes-Benz-EQE-300,210.0,89.0,550.0,163.0,525.0,7.3,120.0,750.0,5.0,4946.0,1906.0,1503.0
226,Lithium-ion,Mercedes-Benz,Sedan,430,AWD,CCS,EQE 350 4MATIC,E - Executive,https://ev-database.org/car/2206/Mercedes-Benz-EQE-350-4MATIC,210.0,90.6,765.0,173.0,515.0,6.3,141.0,1700.0,5.0,4946.0,1906.0,1503.0
227,Lithium-ion,Mercedes-Benz,Sedan,430,RWD,CCS,EQE 350+,E - Executive,https://ev-database.org/car/2205/Mercedes-Benz-EQE-350plus,210.0,96.0,565.0,164.0,555.0,6.5,141.0,750.0,5.0,4946.0,1906.0,1510.0
228,Lithium-ion,Mercedes-Benz,Sedan,430,AWD,CCS,EQE 500 4MATIC,E - Executive,https://ev-database.org/car/2207/Mercedes-Benz-EQE-500-4MATIC,210.0,90.6,858.0,173.0,505.0,4.7,141.0,1700.0,5.0,4946.0,1906.0,1503.0
229,Lithium-ion,Mercedes-Benz,Sedan,430,AWD,CCS,EQE AMG 43 4MATIC,E - Executive,https://ev-database.org/car/2208/Mercedes-Benz-EQE-AMG-43-4MATIC,210.0,90.6,858.0,207.0,450.0,4.2,141.0,1700.0,5.0,4964.0,1906.0,1495.0
230,Lithium-ion,Mercedes-Benz,Sedan,430,AWD,CCS,EQE AMG 53 4MATIC+,E - Executive,https://ev-database.org/car/2209/Mercedes-Benz-EQE-AMG-53-4MATICplus,220.0,90.6,950.0,208.0,450.0,3.5,141.0,1700.0,5.0,4964.0,1906.0,1495.0
231,Lithium-ion,Mercedes-Benz,SUV,520,RWD,CCS,EQE SUV 300,JE - Executive,https://ev-database.org/car/2045/Mercedes-Benz-EQE-SUV-300,210.0,90.6,550.0,182.0,450.0,7.6,141.0,750.0,5.0,4863.0,1940.0,1685.0
232,Lithium-ion,Mercedes-Benz,SUV,520,AWD,CCS,EQE SUV 350 4MATIC,JE - Executive,https://ev-database.org/car/2047/Mercedes-Benz-EQE-SUV-350-4MATIC,210.0,90.6,765.0,189.0,435.0,6.6,141.0,1800.0,5.0,4863.0,1940.0,1685.0
233,Lithium-ion,Mercedes-Benz,SUV,520,RWD,CCS,EQE SUV 350+,JE - Executive,https://ev-database.org/car/2046/Mercedes-Benz-EQE-SUV-350plus,210.0,96.0,565.0,164.0,475.0,6.9,141.0,750.0,5.0,4863.0,1940.0,1685.0
234,Lithium-ion,Mercedes-Benz,SUV,520,AWD,CCS,EQE SUV 500 4MATIC,JE - Executive,https://ev-database.org/car/2048/Mercedes-Benz-EQE-SUV-500-4MATIC,210.0,96.0,858.0,187.0,455.0,4.9,141.0,1800.0,5.0,4863.0,1940.0,1685.0
235,Lithium-ion,Mercedes-Benz,SUV,520,AWD,CCS,EQE SUV AMG 43 4MATIC,JE - Executive,https://ev-database.org/car/1763/Mercedes-Benz-EQE-SUV-AMG-43-4MATIC,210.0,90.6,858.0,214.0,425.0,4.3,141.0,1800.0,5.0,4879.0,1940.0,1672.0
236,Lithium-ion,Mercedes-Benz,SUV,520,AWD,CCS,EQE SUV AMG 53 4MATIC+,JE - Executive,https://ev-database.org/car/1764/Mercedes-Benz-EQE-SUV-AMG-53-4MATICplus,240.0,90.6,1000.0,242.0,420.0,3.5,141.0,1800.0,5.0,4879.0,1940.0,1672.0
237,Lithium-ion,Mercedes-Benz,Sedan,620,RWD,CCS,EQS 350,F - Luxury,https://ev-database.org/car/2155/Mercedes-Benz-EQS-350,210.0,96.0,565.0,165.0,570.0,6.7,130.0,750.0,5.0,5223.0,1926.0,1512.0
238,Lithium-ion,Mercedes-Benz,Sedan,620,AWD,CCS,EQS 450 4MATIC,F - Luxury,https://ev-database.org/car/2194/Mercedes-Benz-EQS-450-4MATIC,210.0,118.0,800.0,180.0,655.0,5.7,160.0,1700.0,5.0,5223.0,1926.0,1518.0
239,Lithium-ion,Mercedes-Benz,Sedan,620,RWD,CCS,EQS 450+,F - Luxury,https://ev-database.org/car/2193/Mercedes-Benz-EQS-450plus,210.0,118.0,568.0,173.0,685.0,6.2,160.0,750.0,5.0,5223.0,1926.0,1518.0
240,Lithium-ion,Mercedes-Benz,Sedan,620,AWD,CCS,EQS 500 4MATIC,F - Luxury,https://ev-database.org/car/2195/Mercedes-Benz-EQS-500-4MATIC,210.0,118.0,828.0,180.0,640.0,4.9,160.0,1700.0,5.0,5223.0,1926.0,1518.0
241,Lithium-ion,Mercedes-Benz,Sedan,620,AWD,CCS,EQS 580 4MATIC,F - Luxury,https://ev-database.org/car/2196/Mercedes-Benz-EQS-580-4MATIC,210.0,118.0,858.0,180.0,640.0,4.4,160.0,1700.0,5.0,5223.0,1926.0,1518.0
242,Lithium-ion,Mercedes-Benz,Sedan,620,AWD,CCS,EQS AMG 53 4MATIC+,F - Luxury,https://ev-database.org/car/2197/Mercedes-Benz-EQS-AMG-53-4MATICplus,250.0,118.0,1020.0,222.0,585.0,3.4,160.0,1700.0,5.0,5223.0,1926.0,1518.0
243,Lithium-ion,Mercedes-Benz,SUV,645,AWD,CCS,EQS SUV 450 4MATIC,JF - Luxury,https://ev-database.org/car/2088/Mercedes-Benz-EQS-SUV-450-4MATIC,210.0,118.0,800.0,199.0,530.0,6.1,160.0,1800.0,7.0,5125.0,1959.0,1718.0
244,Lithium-ion,Mercedes-Benz,SUV,645,RWD,CCS,EQS SUV 450+,JF - Luxury,https://ev-database.org/car/2087/Mercedes-Benz-EQS-SUV-450plus,210.0,118.0,568.0,195.0,540.0,6.8,160.0,750.0,7.0,5125.0,1959.0,1718.0
245,Lithium-ion,Mercedes-Benz,SUV,645,AWD,CCS,EQS SUV 500 4MATIC,JF - Luxury,https://ev-database.org/car/2089/Mercedes-Benz-EQS-SUV-500-4MATIC,210.0,118.0,828.0,199.0,530.0,5.3,160.0,1800.0,7.0,5125.0,1959.0,1718.0
246,Lithium-ion,Mercedes-Benz,SUV,13 Banana Boxes,AWD,CCS,EQS SUV 580 4MATIC,JF - Luxury,https://ev-database.org/car/2090/Mercedes-Benz-EQS-SUV-580-4MATIC,210.0,118.0,858.0,199.0,530.0,4.7,160.0,1800.0,7.0,5125.0,1959.0,1718.0
247,Lithium-ion,Mercedes-Benz,SUV,440,AWD,CCS,EQS SUV Maybach 680,JF - Luxury,https://ev-database.org/car/2086/Mercedes-Benz-EQS-SUV-Maybach-680,210.0,118.0,950.0,211.0,490.0,4.4,160.0,1800.0,4.0,5125.0,1959.0,1725.0
248,Lithium-ion,Mercedes-Benz,Small Passenger Van,828,FWD,CCS,EQT 200 Long,N - Passenger Van,https://ev-database.org/car/2239/Mercedes-Benz-EQT-200-Long,132.0,45.0,245.0,177.0,220.0,13.3,50.0,1500.0,7.0,4922.0,1859.0,1811.0
249,Lithium-ion,Mercedes-Benz,Small Passenger Van,551,FWD,CCS,EQT 200 Standard,N - Passenger Van,https://ev-database.org/car/1908/Mercedes-Benz-EQT-200-Standard,132.0,45.0,245.0,167.0,225.0,12.6,50.0,1500.0,5.0,4498.0,1859.0,1819.0
250,Lithium-ion,Mercedes-Benz,Small Passenger Van,1410,FWD,CCS,EQV 250 Extra-Long,N - Passenger Van,https://ev-database.org/car/2130/Mercedes-Benz-EQV-250-Extra-Long,160.0,60.0,365.0,282.0,210.0,12.0,60.0,0.0,7.0,5370.0,1928.0,1911.0
251,Lithium-ion,Mercedes-Benz,Small Passenger Van,1030,FWD,CCS,EQV 250 Long,N - Passenger Van,https://ev-database.org/car/2129/Mercedes-Benz-EQV-250-Long,160.0,60.0,365.0,282.0,215.0,12.0,60.0,0.0,7.0,5140.0,1928.0,1910.0
252,Lithium-ion,Mercedes-Benz,Small Passenger Van,1410,FWD,CCS,EQV 300 Extra-Long,N - Passenger Van,https://ev-database.org/car/2274/Mercedes-Benz-EQV-300-Extra-Long,140.0,90.0,365.0,249.0,315.0,12.2,96.0,0.0,7.0,5370.0,1928.0,1901.0
253,Lithium-ion,Mercedes-Benz,Small Passenger Van,1030,FWD,CCS,EQV 300 Long,N - Passenger Van,https://ev-database.org/car/2131/Mercedes-Benz-EQV-300-Long,160.0,90.0,365.0,276.0,320.0,12.1,96.0,0.0,7.0,5140.0,1928.0,1901.0
254,Lithium-ion,Mercedes-Benz,SUV,555,AWD,CCS,G 580,JF - Luxury,https://ev-database.org/car/2192/Mercedes-Benz-G-580,180.0,116.0,1164.0,267.0,360.0,4.7,150.0,0.0,5.0,4624.0,1931.0,1986.0
255,Lithium-ion,Mercedes-Benz,Small Passenger Van,1390,FWD,CCS,eVito Tourer Extra-Long 60 kWh,N - Passenger Van,https://ev-database.org/car/2139/Mercedes-Benz-eVito-Tourer-Extra-Long-60-kWh,160.0,60.0,360.0,254.0,215.0,12.0,60.0,0.0,8.0,5370.0,1928.0,1890.0
256,Lithium-ion,Mercedes-Benz,Small Passenger Van,990,FWD,CCS,eVito Tourer Long 60 kWh,N - Passenger Van,https://ev-database.org/car/2138/Mercedes-Benz-eVito-Tourer-Long-60-kWh,160.0,60.0,360.0,259.0,220.0,12.0,60.0,0.0,8.0,5140.0,1928.0,1890.0
257,Lithium-ion,Mercedes-Benz,Small Passenger Van,990,FWD,CCS,eVito Tourer Long 90 kWh,N - Passenger Van,https://ev-database.org/car/2140/Mercedes-Benz-eVito-Tourer-Long-90-kWh,160.0,90.0,360.0,260.0,325.0,12.1,96.0,0.0,8.0,5140.0,1928.0,1890.0
258,Lithium-ion,Mini,SUV,300,FWD,CCS,Aceman E,JB - Compact,https://ev-database.org/car/2190/Mini-Aceman-E,160.0,38.5,290.0,129.0,230.0,7.9,60.0,750.0,5.0,4079.0,1754.0,1514.0
259,Lithium-ion,Mini,SUV,300,FWD,CCS,Aceman JCW,JB - Compact,https://ev-database.org/car/3059/Mini-Aceman-JCW,200.0,49.2,350.0,143.0,280.0,6.4,75.0,750.0,5.0,4079.0,1754.0,1514.0
260,Lithium-ion,Mini,SUV,300,FWD,CCS,Aceman SE,JB - Compact,https://ev-database.org/car/2191/Mini-Aceman-SE,170.0,49.2,330.0,129.0,290.0,7.1,75.0,750.0,5.0,4079.0,1754.0,1514.0
261,Lithium-ion,Mini,Hatchback,200,FWD,CCS,Cooper E,B - Compact,https://ev-database.org/car/1997/Mini-Cooper-E,160.0,36.6,290.0,125.0,250.0,7.3,60.0,0.0,4.0,3858.0,1756.0,1460.0
262,Lithium-ion,Mini,Hatchback,200,FWD,CCS,Cooper JCW,B - Compact,https://ev-database.org/car/3058/Mini-Cooper-JCW,200.0,49.2,350.0,135.0,290.0,5.9,75.0,0.0,4.0,3858.0,1756.0,1460.0
263,Lithium-ion,Mini,Hatchback,200,FWD,CCS,Cooper SE,B - Compact,https://ev-database.org/car/1998/Mini-Cooper-SE,170.0,49.2,330.0,127.0,330.0,6.7,75.0,0.0,4.0,3858.0,1756.0,1460.0
264,Lithium-ion,Mini,SUV,460,FWD,CCS,Countryman E,JC - Medium,https://ev-database.org/car/1994/Mini-Countryman-E,170.0,64.6,250.0,140.0,380.0,8.6,94.0,750.0,5.0,4433.0,1843.0,1656.0
265,Lithium-ion,Mini,SUV,460,AWD,CCS,Countryman SE ALL4,JC - Medium,https://ev-database.org/car/1995/Mini-Countryman-SE-ALL4,180.0,64.6,494.0,149.0,365.0,5.6,94.0,1200.0,5.0,4433.0,1843.0,1656.0
266,Lithium-ion,NIO,SUV,579,AWD,CCS,EL6 Long Range,JE - Executive,https://ev-database.org/car/1922/NIO-EL6-Long-Range,200.0,90.0,700.0,170.0,435.0,4.5,135.0,1200.0,5.0,4854.0,1995.0,1703.0
267,Lithium-ion,NIO,SUV,579,AWD,CCS,EL6 Standard Range,JE - Executive,https://ev-database.org/car/1921/NIO-EL6-Standard-Range,200.0,73.5,700.0,181.0,365.0,4.5,110.0,1200.0,5.0,4854.0,1995.0,1703.0
268,Lithium-ion,NIO,SUV,570,AWD,CCS,EL7 Long Range,JF - Luxury,https://ev-database.org/car/1789/NIO-EL7-Long-Range,200.0,90.0,850.0,185.0,430.0,3.9,100.0,2000.0,5.0,4912.0,1987.0,1720.0
269,Lithium-ion,NIO,SUV,570,AWD,CCS,EL7 Standard Range,JF - Luxury,https://ev-database.org/car/1788/NIO-EL7-Standard-Range,200.0,73.5,850.0,198.0,355.0,3.9,110.0,2000.0,5.0,4912.0,1987.0,1720.0
270,Lithium-ion,NIO,SUV,265,AWD,CCS,EL8 Long Range,JF - Luxury,https://ev-database.org/car/2223/NIO-EL8-Long-Range,200.0,90.0,850.0,185.0,440.0,4.1,190.0,2000.0,6.0,5099.0,1989.0,1750.0
271,Lithium-ion,NIO,SUV,265,AWD,CCS,EL8 Standard Range,JF - Luxury,https://ev-database.org/car/2222/NIO-EL8-Standard-Range,200.0,73.5,850.0,196.0,360.0,4.1,110.0,2000.0,6.0,5099.0,1989.0,1750.0
272,Lithium-ion,NIO,Sedan,386,AWD,CCS,ET5 Long Range,E - Executive,https://ev-database.org/car/1787/NIO-ET5-Long-Range,200.0,90.0,700.0,167.0,500.0,4.0,100.0,1400.0,5.0,4790.0,1960.0,1499.0
273,Lithium-ion,NIO,Sedan,386,AWD,CCS,ET5 Standard Range,E - Executive,https://ev-database.org/car/1786/NIO-ET5-Standard-Range,200.0,73.5,700.0,175.0,410.0,4.0,110.0,1400.0,5.0,4790.0,1960.0,1499.0
274,Lithium-ion,NIO,Station/Estate,450,AWD,CCS,ET5 Touring Long Range,E - Executive,https://ev-database.org/car/1916/NIO-ET5-Touring-Long-Range,200.0,90.0,700.0,178.0,485.0,4.0,135.0,1400.0,5.0,4790.0,1960.0,1499.0
275,Lithium-ion,NIO,Station/Estate,450,AWD,CCS,ET5 Touring Standard Range,E - Executive,https://ev-database.org/car/1915/NIO-ET5-Touring-Standard-Range,200.0,73.5,700.0,169.0,400.0,4.0,110.0,1400.0,5.0,4790.0,1960.0,1499.0
276,Lithium-ion,NIO,Sedan,363,AWD,CCS,ET7 Long Range,F - Luxury,https://ev-database.org/car/1752/NIO-ET7-Long-Range,200.0,90.0,850.0,178.0,505.0,3.8,100.0,2000.0,5.0,5101.0,1987.0,1509.0
277,Lithium-ion,NIO,Sedan,363,AWD,CCS,ET7 Standard Range,F - Luxury,https://ev-database.org/car/1751/NIO-ET7-Standard-Range,200.0,73.5,850.0,191.0,415.0,3.8,110.0,2000.0,5.0,5101.0,1987.0,1509.0
278,Lithium-ion,Nissan,SUV,468,FWD,CCS,Ariya 63kWh,JC - Medium,https://ev-database.org/car/1301/Nissan-Ariya-63kWh,160.0,63.0,300.0,175.0,335.0,7.5,90.0,750.0,5.0,4595.0,1850.0,1660.0
279,Lithium-ion,Nissan,SUV,468,FWD,CCS,Ariya 87kWh,JC - Medium,https://ev-database.org/car/1302/Nissan-Ariya-87kWh,160.0,87.0,300.0,169.0,450.0,7.6,110.0,750.0,5.0,4595.0,1850.0,1660.0
280,Lithium-ion,Nissan,SUV,415,AWD,CCS,Ariya e-4ORCE 87kWh - 225 kW,JC - Medium,https://ev-database.org/car/1304/Nissan-Ariya-e-4ORCE-87kWh---225-kW,200.0,87.0,600.0,190.0,405.0,5.7,110.0,1500.0,5.0,4595.0,1850.0,1660.0
281,Lithium-ion,Nissan,SUV,415,AWD,CCS,Ariya e-4ORCE 87kWh - 320 kW Nismo,JC - Medium,https://ev-database.org/car/3074/Nissan-Ariya-e-4ORCE-87kWh---320-kW-Nismo,200.0,87.0,600.0,209.0,385.0,5.0,110.0,1052.2610619469026,5.0,4655.0,1850.0,1660.0
282,Lithium-ion,Nissan,Small Passenger Van,819,FWD,CCS,Townstar EV Passenger,N - Passenger Van,https://ev-database.org/car/2042/Nissan-Townstar-EV-Passenger,132.0,45.0,245.0,158.0,225.0,12.6,50.0,1500.0,5.0,4488.0,1860.0,1838.0
283,Lithium-ion,Nissan,Small Passenger Van,819,FWD,CCS,Townstar EV Passenger L2,N - Passenger Van,https://ev-database.org/car/3084/Nissan-Townstar-EV-Passenger-L2,130.0,45.0,245.0,173.0,220.0,13.3,50.0,1500.0,7.0,4911.0,1860.0,1815.0
284,Lithium-ion,Omoda,SUV,380,FWD,CCS,E5,JC - Medium,https://ev-database.org/car/3046/Omoda-E5,172.0,61.0,340.0,152.0,345.0,7.6,60.0,1052.2610619469026,5.0,4424.0,1830.0,1588.0
285,Lithium-ion,Opel,Hatchback,352,FWD,CCS,Astra Electric,C - Medium,https://ev-database.org/car/1792/Opel-Astra-Electric,170.0,50.8,270.0,128.0,320.0,9.2,85.0,0.0,5.0,4374.0,1860.0,1470.0
286,Lithium-ion,Opel,Station/Estate,516,FWD,CCS,Astra Sports Tourer Electric,C - Medium,https://ev-database.org/car/1793/Opel-Astra-Sports-Tourer-Electric,170.0,50.8,270.0,123.0,310.0,9.3,85.0,0.0,5.0,4642.0,1860.0,1480.0
287,Lithium-ion,Opel,Small Passenger Van,775,FWD,CCS,Combo-e Life 50 kWh,N - Passenger Van,https://ev-database.org/car/2161/Opel-Combo-e-Life-50-kWh,135.0,50.0,260.0,149.0,235.0,11.3,80.0,750.0,5.0,4410.0,1921.0,1812.0
288,Lithium-ion,Opel,Small Passenger Van,1050,FWD,CCS,Combo-e Life XL 50 kWh,N - Passenger Van,https://ev-database.org/car/2162/Opel-Combo-e-Life-XL-50-kWh,135.0,50.0,260.0,149.0,230.0,11.3,80.0,750.0,7.0,4760.0,1921.0,1818.0
289,Lithium-ion,Opel,Hatchback,267,FWD,CCS,Corsa Electric 50 kWh,B - Compact,https://ev-database.org/car/1941/Opel-Corsa-Electric-50-kWh,150.0,46.3,260.0,131.0,290.0,8.7,78.0,0.0,5.0,4061.0,1765.0,1435.0
290,Lithium-ion,Opel,Hatchback,267,FWD,CCS,Corsa Electric 51 kWh,B - Compact,https://ev-database.org/car/1942/Opel-Corsa-Electric-51-kWh,150.0,48.1,260.0,120.0,315.0,8.1,80.0,0.0,5.0,4061.0,1765.0,1435.0
291,Lithium-ion,Opel,SUV,460,FWD,CCS,Frontera 44 kWh,JB - Compact,https://ev-database.org/car/2238/Opel-Frontera-44-kWh,140.0,44.0,120.0,144.0,245.0,12.1,60.0,350.0,5.0,4385.0,1795.0,1635.0
292,Lithium-ion,Opel,SUV,550,FWD,CCS,Grandland 73 kWh,JC - Medium,https://ev-database.org/car/3037/Opel-Grandland-73-kWh,170.0,73.0,260.0,145.0,365.0,9.0,90.0,1200.0,5.0,4650.0,1934.0,1665.0
293,Lithium-ion,Opel,SUV,550,FWD,CCS,Grandland 82 kWh,JC - Medium,https://ev-database.org/car/3038/Opel-Grandland-82-kWh,170.0,82.2,260.0,146.0,410.0,9.0,100.0,1200.0,5.0,4650.0,1934.0,1665.0
294,Lithium-ion,Opel,SUV,310,FWD,CCS,Mokka Electric,JB - Compact,https://ev-database.org/car/3051/Opel-Mokka-Electric,150.0,50.8,260.0,126.0,285.0,9.0,85.0,0.0,5.0,4151.0,1790.0,1534.0
295,Lithium-ion,Opel,Small Passenger Van,603,FWD,CCS,Zafira-e Life L2 50 kWh,N - Passenger Van,https://ev-database.org/car/2260/Opel-Zafira-e-Life-L2-50-kWh,130.0,46.3,270.0,217.0,180.0,13.3,78.0,1000.0,9.0,4983.0,1920.0,1890.0
296,Lithium-ion,Opel,Small Passenger Van,603,FWD,CCS,Zafira-e Life L2 75 kWh,N - Passenger Van,https://ev-database.org/car/2262/Opel-Zafira-e-Life-L2-75-kWh,130.0,68.0,270.0,202.0,260.0,14.2,79.0,1000.0,9.0,4983.0,1920.0,1890.0
297,Lithium-ion,Opel,Small Passenger Van,989,FWD,CCS,Zafira-e Life L3 50 kWh,N - Passenger Van,https://ev-database.org/car/2261/Opel-Zafira-e-Life-L3-50-kWh,130.0,46.3,270.0,219.0,180.0,13.3,78.0,1000.0,9.0,5333.0,1920.0,1890.0
298,Lithium-ion,Opel,Small Passenger Van,989,FWD,CCS,Zafira-e Life L3 75 kWh,N - Passenger Van,https://ev-database.org/car/2263/Opel-Zafira-e-Life-L3-75-kWh,130.0,68.0,260.0,204.0,260.0,14.2,79.0,1000.0,9.0,5333.0,1920.0,1890.0
299,Lithium-ion,Peugeot,SUV,434,FWD,CCS,e-2008 50 kWh,JB - Compact,https://ev-database.org/car/1946/Peugeot-e-2008-50-kWh,150.0,46.3,260.0,136.0,270.0,9.9,78.0,0.0,5.0,4304.0,1775.0,1523.0
300,Lithium-ion,Peugeot,SUV,434,FWD,CCS,e-2008 54 kWh,JB - Compact,https://ev-database.org/car/1947/Peugeot-e-2008-54-kWh,150.0,50.8,260.0,125.0,300.0,9.1,85.0,0.0,5.0,4304.0,1775.0,1523.0
301,Lithium-ion,Peugeot,Hatchback,265,FWD,CCS,e-208 50 kWh,B - Compact,https://ev-database.org/car/1948/Peugeot-e-208-50-kWh,150.0,46.3,260.0,132.0,290.0,9.0,78.0,0.0,5.0,4055.0,1765.0,1430.0
302,Lithium-ion,Peugeot,Hatchback,265,FWD,CCS,e-208 51 kWh,B - Compact,https://ev-database.org/car/1949/Peugeot-e-208-51-kWh,150.0,48.1,260.0,120.0,310.0,8.2,80.0,0.0,5.0,4055.0,1765.0,1430.0
303,Lithium-ion,Peugeot,SUV,588,FWD,CCS,e-3008 73 kWh,JC - Medium,https://ev-database.org/car/2003/Peugeot-e-3008-73-kWh,170.0,73.0,345.0,143.0,380.0,8.8,90.0,1250.0,5.0,4542.0,1895.0,1641.0
304,Lithium-ion,Peugeot,SUV,588,AWD,CCS,e-3008 73 kWh Dual Motor,JC - Medium,https://ev-database.org/car/2004/Peugeot-e-3008-73-kWh-Dual-Motor,170.0,73.0,511.0,195.0,375.0,6.4,90.0,1052.2610619469026,5.0,4542.0,1895.0,1641.0
305,Lithium-ion,Peugeot,SUV,588,FWD,CCS,e-3008 97 kWh Long Range,JC - Medium,https://ev-database.org/car/2005/Peugeot-e-3008-97-kWh-Long-Range,170.0,96.9,345.0,145.0,500.0,8.7,135.0,1200.0,5.0,4542.0,1895.0,1641.0
306,Lithium-ion,Peugeot,Hatchback,412,FWD,CCS,e-308,C - Medium,https://ev-database.org/car/1744/Peugeot-e-308,170.0,50.8,260.0,124.0,300.0,9.8,80.0,0.0,5.0,4367.0,1852.0,1441.0
307,Lithium-ion,Peugeot,Station/Estate,608,FWD,CCS,e-308 SW,C - Medium,https://ev-database.org/car/1745/Peugeot-e-308-SW,150.0,50.8,260.0,127.0,300.0,10.0,80.0,1052.2610619469026,5.0,4636.0,1852.0,1442.0
308,Lithium-ion,Peugeot,SUV,471,FWD,CCS,e-408 58 kWh,JD - Large,https://ev-database.org/car/3066/Peugeot-e-408-58-kWh,160.0,58.3,345.0,129.0,375.0,7.2,70.0,1052.2610619469026,5.0,4687.0,1859.0,1478.0
309,Lithium-ion,Peugeot,SUV,348,FWD,CCS,e-5008 73 kWh,JD - Large,https://ev-database.org/car/2149/Peugeot-e-5008-73-kWh,170.0,73.0,345.0,150.0,370.0,9.7,90.0,1000.0,7.0,4791.0,1895.0,1694.0
310,Lithium-ion,Peugeot,SUV,348,AWD,CCS,e-5008 73 kWh Dual Motor,JD - Large,https://ev-database.org/car/2150/Peugeot-e-5008-73-kWh-Dual-Motor,170.0,73.0,511.0,203.0,360.0,7.0,90.0,1052.2610619469026,7.0,4791.0,1895.0,1694.0
311,Lithium-ion,Peugeot,SUV,348,FWD,CCS,e-5008 97 kWh Long Range,JD - Large,https://ev-database.org/car/2151/Peugeot-e-5008-97-kWh-Long-Range,170.0,96.9,345.0,152.0,485.0,9.6,135.0,1000.0,7.0,4791.0,1895.0,1694.0
312,Lithium-ion,Peugeot,Small Passenger Van,775,FWD,CCS,e-Rifter M 50 kWh,N - Passenger Van,https://ev-database.org/car/2163/Peugeot-e-Rifter-M-50-kWh,132.0,50.0,270.0,152.0,235.0,11.7,80.0,750.0,5.0,4403.0,1921.0,1818.0
313,Lithium-ion,Peugeot,Small Passenger Van,1050,FWD,CCS,e-Rifter XL 50 kWh,N - Passenger Van,https://ev-database.org/car/2164/Peugeot-e-Rifter-XL-50-kWh,132.0,50.0,270.0,153.0,230.0,11.7,80.0,750.0,7.0,4755.0,1921.0,1837.0
314,Lithium-ion,Peugeot,Small Passenger Van,603,FWD,CCS,e-Traveller L2 50 kWh,N - Passenger Van,https://ev-database.org/car/2256/Peugeot-e-Traveller-L2-50-kWh,130.0,46.3,270.0,217.0,180.0,13.3,78.0,1000.0,9.0,4983.0,1920.0,1890.0
315,Lithium-ion,Peugeot,Small Passenger Van,603,FWD,CCS,e-Traveller L2 75 kWh,N - Passenger Van,https://ev-database.org/car/2258/Peugeot-e-Traveller-L2-75-kWh,130.0,68.0,270.0,202.0,260.0,14.2,79.0,1000.0,9.0,4983.0,1920.0,1890.0
316,Lithium-ion,Peugeot,Small Passenger Van,989,FWD,CCS,e-Traveller L3 50 kWh,N - Passenger Van,https://ev-database.org/car/2257/Peugeot-e-Traveller-L3-50-kWh,130.0,46.3,270.0,219.0,180.0,13.3,78.0,1000.0,9.0,5333.0,1920.0,1890.0
317,Lithium-ion,Peugeot,Small Passenger Van,989,FWD,CCS,e-Traveller L3 75 kWh,N - Passenger Van,https://ev-database.org/car/2259/Peugeot-e-Traveller-L3-75-kWh,130.0,68.0,270.0,204.0,260.0,14.2,79.0,1000.0,9.0,5333.0,1920.0,1890.0
318,Lithium-ion,Polestar,Liftback Sedan,407,AWD,CCS,2 Long Range Dual Motor (MY26),D - Large,https://ev-database.org/car/3152/Polestar-2-Long-Range-Dual-Motor,205.0,79.0,740.0,142.0,455.0,4.5,125.0,1500.0,5.0,4606.0,1859.0,1479.0
319,Lithium-ion,Polestar,Liftback Sedan,407,AWD,CCS,2 Long Range Performance (MY26),D - Large,https://ev-database.org/car/3153/Polestar-2-Long-Range-Performance,205.0,79.0,740.0,142.0,450.0,4.2,125.0,1500.0,5.0,4606.0,1859.0,1473.0
320,Lithium-ion,Polestar,Liftback Sedan,407,RWD,CCS,2 Long Range Single Motor (MY26),D - Large,https://ev-database.org/car/3151/Polestar-2-Long-Range-Single-Motor,205.0,79.0,490.0,130.0,475.0,6.2,125.0,1500.0,5.0,4606.0,1859.0,1479.0
321,Lithium-ion,Polestar,Liftback Sedan,407,RWD,CCS,2 Standard Range Single Motor (MY26),D - Large,https://ev-database.org/car/3150/Polestar-2-Standard-Range-Single-Motor,205.0,67.0,490.0,129.0,405.0,6.4,110.0,1500.0,5.0,4606.0,1859.0,1479.0
322,Lithium-ion,Polestar,SUV,484,AWD,CCS,3 Long Range Dual motor,JE - Executive,https://ev-database.org/car/1758/Polestar-3-Long-Range-Dual-motor,210.0,107.0,840.0,183.0,515.0,5.0,150.0,2200.0,5.0,4900.0,1968.0,1614.0
323,Lithium-ion,Polestar,SUV,484,AWD,CCS,3 Long Range Performance,JE - Executive,https://ev-database.org/car/1759/Polestar-3-Long-Range-Performance,210.0,107.0,910.0,194.0,495.0,4.7,150.0,2200.0,5.0,4900.0,1968.0,1614.0
324,Lithium-ion,Polestar,SUV,484,RWD,CCS,3 Long Range Single motor,JE - Executive,https://ev-database.org/car/2229/Polestar-3-Long-Range-Single-motor,180.0,107.0,490.0,166.0,530.0,7.8,150.0,1500.0,5.0,4900.0,1968.0,1614.0
325,Lithium-ion,Polestar,Liftback Sedan,526,AWD,CCS,4 Long Range Dual Motor,E - Executive,https://ev-database.org/car/1842/Polestar-4-Long-Range-Dual-Motor,200.0,94.0,686.0,165.0,485.0,3.8,135.0,2000.0,5.0,4839.0,2008.0,1544.0
326,Lithium-ion,Polestar,Liftback Sedan,526,RWD,CCS,4 Long Range Single Motor,E - Executive,https://ev-database.org/car/1841/Polestar-4-Long-Range-Single-Motor,180.0,94.0,343.0,157.0,495.0,7.4,135.0,1500.0,5.0,4839.0,2008.0,1544.0
327,Lithium-ion,Porsche,SUV,540,AWD,CCS,Macan 4 Electric,JD - Large,https://ev-database.org/car/2084/Porsche-Macan-4-Electric,220.0,95.0,650.0,184.0,470.0,5.2,200.0,2000.0,5.0,4784.0,1938.0,1622.0
328,Lithium-ion,Porsche,SUV,540,AWD,CCS,Macan 4S Electric,JD - Large,https://ev-database.org/car/2244/Porsche-Macan-4S-Electric,240.0,95.0,820.0,186.0,470.0,4.1,200.0,2000.0,5.0,4784.0,1938.0,1622.0
329,Lithium-ion,Porsche,SUV,540,RWD,CCS,Macan Electric,JD - Large,https://ev-database.org/car/2083/Porsche-Macan-Electric,220.0,95.0,563.0,177.0,495.0,5.7,200.0,2000.0,5.0,4784.0,1938.0,1623.0
330,Lithium-ion,Porsche,SUV,480,AWD,CCS,Macan Turbo Electric,JD - Large,https://ev-database.org/car/2085/Porsche-Macan-Turbo-Electric,260.0,95.0,1001.0,183.0,460.0,3.3,200.0,2000.0,5.0,4784.0,1938.0,1621.0
331,Lithium-ion,Porsche,Sedan,407,RWD,CCS,Taycan,F - Luxury,https://ev-database.org/car/2098/Porsche-Taycan,230.0,82.3,410.0,164.0,495.0,4.8,195.0,0.0,5.0,4963.0,1966.0,1379.0
332,Lithium-ion,Porsche,Sedan,407,AWD,CCS,Taycan 4,F - Luxury,https://ev-database.org/car/3060/Porsche-Taycan-4,230.0,82.3,585.0,172.0,490.0,4.6,195.0,0.0,5.0,4963.0,1966.0,1379.0
333,Lithium-ion,Porsche,Station/Estate,446,AWD,CCS,Taycan 4 Cross Turismo,F - Luxury,https://ev-database.org/car/2110/Porsche-Taycan-4-Cross-Turismo,220.0,97.0,610.0,188.0,510.0,4.7,281.0,0.0,5.0,4974.0,1967.0,1409.0
334,Lithium-ion,Porsche,Sedan,407,AWD,CCS,Taycan 4 Plus,F - Luxury,https://ev-database.org/car/3061/Porsche-Taycan-4-Plus,230.0,97.0,610.0,175.0,565.0,4.6,281.0,0.0,5.0,4963.0,1966.0,1379.0
335,Lithium-ion,Porsche,Sedan,407,AWD,CCS,Taycan 4S,F - Luxury,https://ev-database.org/car/2100/Porsche-Taycan-4S,250.0,82.3,695.0,174.0,490.0,3.7,195.0,0.0,5.0,4963.0,1966.0,1379.0
336,Lithium-ion,Porsche,Station/Estate,446,AWD,CCS,Taycan 4S Cross Turismo,F - Luxury,https://ev-database.org/car/2111/Porsche-Taycan-4S-Cross-Turismo,240.0,97.0,710.0,188.0,510.0,3.8,281.0,0.0,5.0,4974.0,1967.0,1409.0
337,Lithium-ion,Porsche,Sedan,407,AWD,CCS,Taycan 4S Plus,F - Luxury,https://ev-database.org/car/2101/Porsche-Taycan-4S-Plus,250.0,97.0,710.0,177.0,565.0,3.7,281.0,0.0,5.0,4963.0,1966.0,1379.0
338,Lithium-ion,Porsche,Station/Estate,446,AWD,CCS,Taycan 4S Plus Sport Turismo,F - Luxury,https://ev-database.org/car/2107/Porsche-Taycan-4S-Plus-Sport-Turismo,250.0,97.0,710.0,186.0,510.0,3.7,281.0,0.0,5.0,4963.0,1966.0,1390.0
339,Lithium-ion,Porsche,Station/Estate,446,AWD,CCS,Taycan 4S Sport Turismo,F - Luxury,https://ev-database.org/car/2106/Porsche-Taycan-4S-Sport-Turismo,250.0,82.3,695.0,183.0,440.0,3.7,195.0,0.0,5.0,4963.0,1966.0,1390.0
340,Lithium-ion,Porsche,Sedan,366,AWD,CCS,Taycan GTS,F - Luxury,https://ev-database.org/car/3062/Porsche-Taycan-GTS,250.0,97.0,790.0,176.0,535.0,3.3,281.0,0.0,5.0,4963.0,1966.0,1381.0
341,Lithium-ion,Porsche,Station/Estate,405,AWD,CCS,Taycan GTS Sport Turismo,F - Luxury,https://ev-database.org/car/3063/Porsche-Taycan-GTS-Sport-Turismo,250.0,97.0,790.0,185.0,505.0,3.3,281.0,0.0,5.0,4963.0,1966.0,1392.0
342,Lithium-ion,Porsche,Sedan,407,RWD,CCS,Taycan Plus,F - Luxury,https://ev-database.org/car/2099/Porsche-Taycan-Plus,230.0,97.0,420.0,168.0,575.0,4.8,281.0,0.0,5.0,4963.0,1966.0,1379.0
343,Lithium-ion,Porsche,Station/Estate,446,RWD,CCS,Taycan Plus Sport Turismo,F - Luxury,https://ev-database.org/car/2105/Porsche-Taycan-Plus-Sport-Turismo,230.0,97.0,420.0,176.0,530.0,4.8,281.0,0.0,5.0,4963.0,1966.0,1390.0
344,Lithium-ion,Porsche,Station/Estate,446,RWD,CCS,Taycan Sport Turismo,F - Luxury,https://ev-database.org/car/2104/Porsche-Taycan-Sport-Turismo,230.0,82.3,410.0,173.0,460.0,4.8,195.0,0.0,5.0,4963.0,1966.0,1390.0
345,Lithium-ion,Porsche,Sedan,366,AWD,CCS,Taycan Turbo,F - Luxury,https://ev-database.org/car/2102/Porsche-Taycan-Turbo,260.0,97.0,940.0,174.0,535.0,2.7,281.0,0.0,5.0,4963.0,1966.0,1379.0
346,Lithium-ion,Porsche,Station/Estate,405,AWD,CCS,Taycan Turbo Cross Turismo,F - Luxury,https://ev-database.org/car/2112/Porsche-Taycan-Turbo-Cross-Turismo,250.0,97.0,940.0,188.0,495.0,2.8,281.0,0.0,5.0,4974.0,1967.0,1412.0
347,Lithium-ion,Porsche,Sedan,326,AWD,CCS,Taycan Turbo GT,F - Luxury,https://ev-database.org/car/2144/Porsche-Taycan-Turbo-GT,290.0,97.0,1340.0,184.0,475.0,2.3,281.0,0.0,5.0,4968.0,1966.0,1378.0
348,Lithium-ion,Porsche,Sedan,367,AWD,CCS,Taycan Turbo GT Weissach,F - Luxury,https://ev-database.org/car/2145/Porsche-Taycan-Turbo-GT-Weissach,305.0,97.0,1340.0,180.0,475.0,2.2,281.0,0.0,2.0,4968.0,1966.0,1378.0
349,Lithium-ion,Porsche,Sedan,366,AWD,CCS,Taycan Turbo S,F - Luxury,https://ev-database.org/car/2103/Porsche-Taycan-Turbo-S,260.0,97.0,1110.0,174.0,525.0,2.4,281.0,0.0,5.0,4963.0,1966.0,1378.0
350,Lithium-ion,Porsche,Station/Estate,405,AWD,CCS,Taycan Turbo S Cross Turismo,F - Luxury,https://ev-database.org/car/2113/Porsche-Taycan-Turbo-S-Cross-Turismo,250.0,97.0,1110.0,188.0,485.0,2.5,281.0,0.0,5.0,4974.0,1967.0,1407.0
351,Lithium-ion,Porsche,Station/Estate,405,AWD,CCS,Taycan Turbo S Sport Turismo,F - Luxury,https://ev-database.org/car/2109/Porsche-Taycan-Turbo-S-Sport-Turismo,260.0,97.0,1110.0,183.0,505.0,2.4,281.0,0.0,5.0,4963.0,1966.0,1388.0
352,Lithium-ion,Porsche,Station/Estate,405,AWD,CCS,Taycan Turbo Sport Turismo,F - Luxury,https://ev-database.org/car/2108/Porsche-Taycan-Turbo-Sport-Turismo,260.0,97.0,940.0,184.0,505.0,2.7,281.0,0.0,5.0,4963.0,1966.0,1392.0
353,Lithium-ion,Renault,SUV,420,FWD,CCS,4 E-Tech 40kWh 120hp,JB - Compact,https://ev-database.org/car/3126/Renault-4-E-Tech-40kWh-120hp,150.0,40.0,225.0,124.0,245.0,9.2,55.0,750.0,5.0,4143.0,1796.0,1552.0
354,Lithium-ion,Renault,SUV,420,FWD,CCS,4 E-Tech 52kWh 150hp,JB - Compact,https://ev-database.org/car/3127/Renault-4-E-Tech-52kWh-150hp,150.0,52.0,245.0,127.0,315.0,8.2,70.0,750.0,5.0,4143.0,1796.0,1552.0
355,Lithium-ion,Renault,Hatchback,326,FWD,CCS,5 E-Tech 40kWh 120hp,B - Compact,https://ev-database.org/car/2134/Renault-5-E-Tech-40kWh-120hp,150.0,40.0,225.0,132.0,250.0,9.0,55.0,500.0,5.0,3922.0,1808.0,1489.0
356,Lithium-ion,Renault,Hatchback,326,FWD,,5 E-Tech 40kWh 95hp,B - Compact,https://ev-database.org/car/2133/Renault-5-E-Tech-40kWh-95hp,130.0,40.0,215.0,129.0,255.0,12.0,125.0083857442348,500.0,5.0,3922.0,1808.0,1489.0
357,Lithium-ion,Renault,Hatchback,326,FWD,CCS,5 E-Tech 52kWh 150hp,B - Compact,https://ev-database.org/car/2135/Renault-5-E-Tech-52kWh-150hp,150.0,52.0,245.0,129.0,320.0,8.0,70.0,500.0,5.0,3922.0,1808.0,1489.0
358,Lithium-ion,Renault,Small Passenger Van,950,FWD,CCS,Kangoo E-Tech Electric,N - Passenger Van,https://ev-database.org/car/1802/Renault-Kangoo-E-Tech-Electric,135.0,45.0,245.0,158.0,225.0,12.6,50.0,1500.0,5.0,4486.0,1860.0,1838.0
359,Lithium-ion,Renault,Small Passenger Van,500,FWD,CCS,Kangoo Grand E-Tech Electric,N - Passenger Van,https://ev-database.org/car/2043/Renault-Kangoo-Grand-E-Tech-Electric,130.0,45.0,245.0,170.0,220.0,13.3,50.0,1500.0,7.0,4911.0,1860.0,1815.0
360,Lithium-ion,Renault,Hatchback,440,FWD,CCS,Megane E-Tech EV60 130hp (TU2025),C - Medium,https://ev-database.org/car/3131/Renault-Megane-E-Tech-EV60-130hp,150.0,60.0,250.0,125.0,380.0,10.5,88.0,500.0,5.0,4200.0,1860.0,1505.0
361,Lithium-ion,Renault,Hatchback,440,FWD,CCS,Megane E-Tech EV60 220hp (TU2025),C - Medium,https://ev-database.org/car/3132/Renault-Megane-E-Tech-EV60-220hp,160.0,60.0,300.0,133.0,380.0,7.4,88.0,900.0,5.0,4200.0,1860.0,1505.0
362,Lithium-ion,Renault,SUV,545,FWD,CCS,Scenic E-Tech EV60 170hp,JC - Medium,https://ev-database.org/car/2068/Renault-Scenic-E-Tech-EV60-170hp,150.0,60.0,280.0,144.0,340.0,8.6,75.0,1100.0,5.0,4470.0,1864.0,1571.0
363,Lithium-ion,Renault,SUV,545,FWD,CCS,Scenic E-Tech EV87 220hp,JC - Medium,https://ev-database.org/car/2069/Renault-Scenic-E-Tech-EV87-220hp,170.0,87.0,300.0,143.0,480.0,7.9,95.0,1100.0,5.0,4470.0,1864.0,1571.0
364,Lithium-ion,Rolls-Royce,Coupe,380,AWD,CCS,Spectre,I - Luxury,https://ev-database.org/car/1765/Rolls-Royce-Spectre,250.0,102.0,900.0,192.0,465.0,4.5,126.0,1052.2610619469026,4.0,5453.0,2080.0,1559.0
365,Lithium-ion,Skoda,SUV,470,RWD,CCS,Elroq 50,JC - Medium,https://ev-database.org/car/3031/Skoda-Elroq-50,160.0,52.0,310.0,149.0,310.0,9.0,90.0,1000.0,5.0,4488.0,1884.0,1625.0
366,Lithium-ion,Skoda,SUV,470,RWD,CCS,Elroq 60,JC - Medium,https://ev-database.org/car/3032/Skoda-Elroq-60,160.0,59.0,310.0,149.0,350.0,8.5,110.0,1000.0,5.0,4488.0,1884.0,1625.0
367,Lithium-ion,Skoda,SUV,470,RWD,CCS,Elroq 85,JC - Medium,https://ev-database.org/car/3033/Skoda-Elroq-85,180.0,77.0,545.0,145.0,450.0,6.6,120.0,1000.0,5.0,4488.0,1884.0,1625.0
368,Lithium-ion,Skoda,SUV,470,AWD,CCS,Elroq RS,JC - Medium,https://ev-database.org/car/3183/Skoda-Elroq-RS,180.0,79.0,679.0,151.0,450.0,5.4,135.0,1200.0,5.0,4488.0,1884.0,1608.0
369,Lithium-ion,Skoda,SUV,585,RWD,CCS,Enyaq 60,JC - Medium,https://ev-database.org/car/3096/Skoda-Enyaq-60,160.0,59.0,310.0,145.0,360.0,8.1,110.0,1000.0,5.0,4658.0,1879.0,1622.0
370,Lithium-ion,Skoda,SUV,585,RWD,CCS,Enyaq 85,JC - Medium,https://ev-database.org/car/3097/Skoda-Enyaq-85,180.0,77.0,545.0,141.0,455.0,6.7,120.0,1000.0,5.0,4658.0,1879.0,1622.0
371,Lithium-ion,Skoda,SUV,585,AWD,CCS,Enyaq 85x,JC - Medium,https://ev-database.org/car/3098/Skoda-Enyaq-85x,180.0,77.0,679.0,150.0,450.0,6.7,120.0,1200.0,5.0,4658.0,1879.0,1620.0
372,Lithium-ion,Skoda,SUV,570,RWD,CCS,Enyaq Coupe 60,JC - Medium,https://ev-database.org/car/3099/Skoda-Enyaq-Coupe-60,160.0,59.0,310.0,141.0,370.0,8.1,110.0,1000.0,5.0,4658.0,1879.0,1623.0
373,Lithium-ion,Skoda,SUV,570,RWD,CCS,Enyaq Coupe 85,JC - Medium,https://ev-database.org/car/3100/Skoda-Enyaq-Coupe-85,180.0,77.0,545.0,138.0,470.0,6.7,120.0,1000.0,5.0,4658.0,1879.0,1623.0
374,Lithium-ion,Skoda,SUV,570,AWD,CCS,Enyaq Coupe 85x,JC - Medium,https://ev-database.org/car/3101/Skoda-Enyaq-Coupe-85x,180.0,77.0,679.0,146.0,460.0,6.7,120.0,1200.0,5.0,4658.0,1879.0,1621.0
375,Lithium-ion,Skoda,SUV,570,AWD,CCS,Enyaq Coupe RS,JC - Medium,https://ev-database.org/car/3185/Skoda-Enyaq-Coupe-RS,180.0,79.0,679.0,143.0,470.0,5.4,135.0,1200.0,5.0,4660.0,1879.0,1608.0
376,Lithium-ion,Skoda,SUV,585,AWD,CCS,Enyaq RS,JC - Medium,https://ev-database.org/car/3184/Skoda-Enyaq-RS,180.0,79.0,679.0,147.0,460.0,5.4,135.0,1200.0,5.0,4660.0,1879.0,1607.0
377,Lithium-ion,Skywell,SUV,467,FWD,CCS,BE11 Long Range,JD - Large,https://ev-database.org/car/3065/Skywell-BE11-Long-Range,150.0,81.0,320.0,166.0,390.0,9.6,50.0,1052.2610619469026,5.0,4720.0,1908.0,1696.0
378,Lithium-ion,Skywell,SUV,467,FWD,CCS,BE11 Standard Range,JD - Large,https://ev-database.org/car/3064/Skywell-BE11-Standard-Range,150.0,68.0,320.0,149.0,330.0,9.6,50.0,1052.2610619469026,5.0,4720.0,1908.0,1696.0
379,Lithium-ion,Smart,SUV,313,AWD,CCS,#1 Brabus,JB - Compact,https://ev-database.org/car/1748/Smart-1-Brabus,180.0,62.0,584.0,155.0,325.0,3.9,100.0,1600.0,5.0,4300.0,1822.0,1636.0
380,Lithium-ion,Smart,SUV,323,RWD,CCS,#1 Premium,JB - Compact,https://ev-database.org/car/2053/Smart-1-Premium,180.0,62.0,343.0,141.0,335.0,6.7,100.0,1600.0,5.0,4270.0,1822.0,1636.0
381,Lithium-ion,Smart,SUV,323,RWD,CCS,#1 Pro,JB - Compact,https://ev-database.org/car/2041/Smart-1-Pro,180.0,47.0,343.0,152.0,250.0,6.7,65.0,0.0,5.0,4270.0,1822.0,1636.0
382,Lithium-ion,Smart,SUV,323,RWD,CCS,#1 Pro+,JB - Compact,https://ev-database.org/car/1667/Smart-1-Proplus,180.0,62.0,343.0,148.0,335.0,6.7,100.0,1600.0,5.0,4270.0,1822.0,1636.0
383,Lithium-ion,Smart,SUV,313,AWD,CCS,#1 Pulse,JB - Compact,https://ev-database.org/car/1920/Smart-1-Pulse,180.0,62.0,584.0,155.0,325.0,4.5,100.0,1600.0,5.0,4300.0,1822.0,1636.0
384,Lithium-ion,Smart,SUV,323,RWD,CCS,#1 Pure,JB - Compact,https://ev-database.org/car/2217/Smart-1-Pure,180.0,47.0,343.0,152.0,250.0,6.7,65.0,0.0,5.0,4270.0,1822.0,1636.0
385,Lithium-ion,Smart,SUV,323,RWD,CCS,#1 Pure+,JB - Compact,https://ev-database.org/car/2218/Smart-1-Pureplus,180.0,62.0,343.0,148.0,335.0,6.7,100.0,1600.0,5.0,4270.0,1822.0,1636.0
386,Lithium-ion,Smart,SUV,370,AWD,CCS,#3 Brabus,JB - Compact,https://ev-database.org/car/2000/Smart-3-Brabus,180.0,62.0,543.0,149.0,335.0,3.7,100.0,1600.0,5.0,4400.0,1844.0,1556.0
387,Lithium-ion,Smart,SUV,370,RWD,CCS,#3 Premium,JB - Compact,https://ev-database.org/car/2054/Smart-3-Premium,180.0,62.0,343.0,136.0,355.0,5.8,110.0,1600.0,5.0,4400.0,1844.0,1556.0
388,Lithium-ion,Smart,SUV,370,RWD,CCS,#3 Pro,JB - Compact,https://ev-database.org/car/2052/Smart-3-Pro,180.0,47.0,343.0,145.0,265.0,5.9,65.0,0.0,5.0,4400.0,1844.0,1556.0
389,Lithium-ion,Smart,SUV,370,RWD,CCS,#3 Pro+,JB - Compact,https://ev-database.org/car/1999/Smart-3-Proplus,180.0,62.0,343.0,143.0,355.0,5.8,110.0,1600.0,5.0,4400.0,1844.0,1556.0
390,Lithium-ion,Smart,SUV,630,AWD,CCS,#5 Brabus,JD - Large,https://ev-database.org/car/3179/Smart-5-Brabus,210.0,94.0,710.0,174.0,450.0,3.8,230.0,1600.0,5.0,4695.0,1920.0,1705.0
391,Lithium-ion,Smart,SUV,630,RWD,CCS,#5 Premium,JD - Large,https://ev-database.org/car/3143/Smart-5-Premium,200.0,94.0,373.0,159.0,465.0,6.5,230.0,1600.0,5.0,4695.0,1920.0,1705.0
392,Lithium-ion,Smart,SUV,630,RWD,CCS,#5 Pro,JD - Large,https://ev-database.org/car/3141/Smart-5-Pro,200.0,74.4,373.0,160.0,370.0,6.9,110.0,1600.0,5.0,4695.0,1920.0,1705.0
393,Lithium-ion,Smart,SUV,630,RWD,CCS,#5 Pro+,JD - Large,https://ev-database.org/car/3142/Smart-5-Proplus,200.0,94.0,373.0,159.0,465.0,6.5,230.0,1600.0,5.0,4695.0,1920.0,1705.0
394,Lithium-ion,Smart,SUV,630,AWD,CCS,#5 Pulse,JD - Large,https://ev-database.org/car/3144/Smart-5-Pulse,200.0,94.0,643.0,174.0,455.0,4.9,230.0,1600.0,5.0,4695.0,1920.0,1705.0
395,Lithium-ion,Smart,SUV,630,AWD,CCS,#5 Summit Edition,JD - Large,https://ev-database.org/car/3145/Smart-5-Summit-Edition,200.0,94.0,643.0,174.0,455.0,4.9,230.0,1600.0,5.0,4695.0,1920.0,1705.0
396,Lithium-ion,Subaru,SUV,441,AWD,CCS,Solterra AWD,JC - Medium,https://ev-database.org/car/1567/Subaru-Solterra-AWD,160.0,64.0,336.0,154.0,320.0,6.9,100.0,750.0,5.0,4690.0,1860.0,1650.0
397,Lithium-ion,Tesla,Sedan,594,AWD,CCS,Model 3 Long Range AWD (Highland),D - Large,https://ev-database.org/car/1992/Tesla-Model-3-Long-Range-AWD,201.0,75.0,493.0,119.0,525.0,4.4,124.0,1000.0,5.0,4720.0,1849.0,1441.0
398,Lithium-ion,Tesla,Sedan,594,RWD,CCS,Model 3 Long Range RWD (Highland),D - Large,https://ev-database.org/car/3034/Tesla-Model-3-Long-Range-RWD,201.0,75.0,450.0,117.0,545.0,5.2,124.0,1000.0,5.0,4720.0,1849.0,1441.0
399,Lithium-ion,Tesla,Sedan,594,AWD,CCS,Model 3 Performance (Highland),D - Large,https://ev-database.org/car/2188/Tesla-Model-3-Performance,262.0,75.0,741.0,142.0,490.0,3.2,124.0,0.0,5.0,4720.0,1849.0,1431.0
400,Lithium-ion,Tesla,Sedan,594,RWD,CCS,Model 3 RWD (Highland CATL LFP64),D - Large,https://ev-database.org/car/3186/Tesla-Model-3-RWD,201.0,60.5,420.0,116.0,445.0,6.1,110.0,1000.0,5.0,4720.0,1849.0,1441.0
401,Lithium-ion,Tesla,Liftback Sedan,709,AWD,CCS,Model S Dual Motor,F - Luxury,https://ev-database.org/car/1404/Tesla-Model-S-Dual-Motor,250.0,95.0,498.0127388535032,150.0,575.0,3.2,140.0,1600.0,5.0,5021.0,1987.0,1431.0
402,Lithium-ion,Tesla,Liftback Sedan,709,AWD,CCS,Model S Plaid,F - Luxury,https://ev-database.org/car/1405/Tesla-Model-S-Plaid,282.0,95.0,498.0127388535032,158.0,560.0,2.3,140.0,1600.0,5.0,5021.0,1987.0,1431.0
403,Lithium-ion,Tesla,SUV,425,AWD,CCS,Model X Dual Motor,JF - Luxury,https://ev-database.org/car/1407/Tesla-Model-X-Dual-Motor,250.0,95.0,498.0127388535032,165.0,485.0,3.9,140.0,2250.0,7.0,5057.0,1999.0,1680.0
404,Lithium-ion,Tesla,SUV,425,AWD,CCS,Model X Plaid,JF - Luxury,https://ev-database.org/car/1408/Tesla-Model-X-Plaid,262.0,95.0,498.0127388535032,180.0,465.0,2.7,140.0,2250.0,7.0,5057.0,1999.0,1680.0
405,Lithium-ion,Tesla,SUV,854,AWD,CCS,Model Y Long Range AWD (Juniper),JD - Large,https://ev-database.org/car/3104/Tesla-Model-Y-Long-Range-AWD,201.0,75.0,493.0,132.0,455.0,4.8,124.0,1600.0,5.0,4790.0,1982.0,1624.0
406,Lithium-ion,Tesla,SUV,854,RWD,CCS,Model Y Long Range RWD (Juniper),JD - Large,https://ev-database.org/car/3120/Tesla-Model-Y-Long-Range-RWD,201.0,75.0,450.0,121.0,470.0,5.6,124.0,1600.0,5.0,4790.0,1982.0,1624.0
407,Lithium-ion,Tesla,SUV,854,RWD,CCS,Model Y RWD (Juniper),JD - Large,https://ev-database.org/car/3103/Tesla-Model-Y-RWD,201.0,60.5,420.0,121.0,375.0,5.9,110.0,1600.0,5.0,4790.0,1982.0,1624.0
408,Lithium-ion,Toyota,Small Passenger Van,989,FWD,CCS,PROACE Verso L 75 kWh,N - Passenger Van,https://ev-database.org/car/2267/Toyota-PROACE-Verso-L-75-kWh,130.0,68.0,260.0,204.0,260.0,13.3,79.0,1000.0,9.0,5333.0,1920.0,1890.0
409,Lithium-ion,Toyota,Small Passenger Van,603,FWD,CCS,PROACE Verso M 50 kWh,N - Passenger Van,https://ev-database.org/car/2264/Toyota-PROACE-Verso-M-50-kWh,130.0,46.3,260.0,217.0,180.0,12.1,78.0,1000.0,9.0,4983.0,1920.0,1890.0
410,Lithium-ion,Toyota,Small Passenger Van,603,FWD,CCS,PROACE Verso M 75 kWh,N - Passenger Van,https://ev-database.org/car/2266/Toyota-PROACE-Verso-M-75-kWh,130.0,68.0,260.0,202.0,260.0,13.3,79.0,1000.0,9.0,4983.0,1920.0,1890.0
411,Lithium-ion,Toyota,Small Passenger Van,775,FWD,CCS,Proace City Verso Electric L1 50 kWh,N - Passenger Van,https://ev-database.org/car/2165/Toyota-Proace-City-Verso-Electric-L1-50-kWh,132.0,50.0,260.0,149.0,235.0,11.7,80.0,750.0,5.0,4403.0,1921.0,1803.0
412,Lithium-ion,Toyota,Small Passenger Van,1050,FWD,CCS,Proace City Verso Electric L2 50 kWh,N - Passenger Van,https://ev-database.org/car/2166/Toyota-Proace-City-Verso-Electric-L2-50-kWh,132.0,50.0,260.0,149.0,230.0,11.7,80.0,750.0,7.0,4753.0,1921.0,1814.0
413,Lithium-ion,Toyota,SUV,452,AWD,CCS,bZ4X AWD,JC - Medium,https://ev-database.org/car/1565/Toyota-bZ4X-AWD,160.0,64.0,336.0,154.0,345.0,6.9,100.0,750.0,5.0,4690.0,1860.0,1600.0
414,Lithium-ion,Toyota,SUV,452,FWD,CCS,bZ4X FWD,JC - Medium,https://ev-database.org/car/1564/Toyota-bZ4X-FWD,160.0,64.0,265.0,145.0,350.0,7.5,100.0,750.0,5.0,4690.0,1860.0,1600.0
415,Lithium-ion,VinFast,SUV,376,AWD,CCS,VF 8 Eco Extended Range,JD - Large,https://ev-database.org/car/1807/VinFast-VF-8-Eco-Extended-Range,200.0,87.7,500.0,186.0,405.0,5.9,120.0,1800.0,5.0,4750.0,1934.0,1667.0
416,Lithium-ion,VinFast,SUV,376,AWD,CCS,VF 8 Plus Extended Range,JD - Large,https://ev-database.org/car/1809/VinFast-VF-8-Plus-Extended-Range,200.0,87.7,620.0,196.0,400.0,5.5,120.0,1800.0,5.0,4750.0,1934.0,1667.0
417,Lithium-ion,Volkswagen,Small Passenger Van,1340,AWD,CCS,ID. Buzz LWB GTX,N - Passenger Van,https://ev-database.org/car/2157/Volkswagen-ID-Buzz-LWB-GTX-,160.0,86.0,560.0,182.0,350.0,6.5,145.0,1600.0,7.0,4960.0,1985.0,1927.0
418,Lithium-ion,Volkswagen,Small Passenger Van,1340,RWD,CCS,ID. Buzz LWB Pro,N - Passenger Van,https://ev-database.org/car/2154/Volkswagen-ID-Buzz-LWB-Pro,160.0,86.0,560.0,190.0,370.0,7.9,145.0,1000.0,7.0,4962.0,1985.0,1924.0
419,Lithium-ion,Volkswagen,Small Passenger Van,1121,AWD,CCS,ID. Buzz NWB GTX,N - Passenger Van,https://ev-database.org/car/2156/Volkswagen-ID-Buzz-NWB-GTX,160.0,79.0,560.0,194.0,330.0,6.5,135.0,1800.0,6.0,4712.0,1985.0,1925.0
420,Lithium-ion,Volkswagen,Small Passenger Van,1121,RWD,CCS,ID. Buzz NWB Pro,N - Passenger Van,https://ev-database.org/car/2232/Volkswagen-ID-Buzz-NWB-Pro,160.0,79.0,560.0,187.0,360.0,7.6,135.0,1200.0,6.0,4712.0,1985.0,1927.0
421,Lithium-ion,Volkswagen,Small Passenger Van,1121,RWD,CCS,ID. Buzz NWB Pure,N - Passenger Van,https://ev-database.org/car/3119/Volkswagen-ID-Buzz-NWB-Pure,145.0,59.0,310.0,178.0,275.0,10.7,110.0,1000.0,6.0,4712.0,1985.0,1927.0
422,Lithium-ion,Volkswagen,Hatchback,385,RWD,CCS,ID.3 GTX,C - Medium,https://ev-database.org/car/2152/Volkswagen-ID3-GTX,180.0,79.0,545.0,131.0,470.0,5.9,135.0,0.0,5.0,4322.0,1809.0,1538.0
423,Lithium-ion,Volkswagen,Hatchback,385,RWD,CCS,ID.3 GTX Performance,C - Medium,https://ev-database.org/car/2153/Volkswagen-ID3-GTX-Performance,200.0,79.0,545.0,131.0,465.0,5.6,135.0,0.0,5.0,4322.0,1809.0,1538.0
424,Lithium-ion,Volkswagen,Hatchback,385,RWD,CCS,ID.3 Pro,C - Medium,https://ev-database.org/car/2213/Volkswagen-ID3-Pro,160.0,59.0,310.0,136.0,365.0,7.6,110.0,0.0,5.0,4264.0,1809.0,1564.0
425,Lithium-ion,Volkswagen,Hatchback,385,RWD,CCS,ID.3 Pro S,C - Medium,https://ev-database.org/car/2210/Volkswagen-ID3-Pro-S,160.0,77.0,310.0,138.0,465.0,7.1,120.0,0.0,5.0,4264.0,1809.0,1564.0
426,Lithium-ion,Volkswagen,Hatchback,385,RWD,CCS,ID.3 Pure,C - Medium,https://ev-database.org/car/2214/Volkswagen-ID3-Pure,160.0,52.0,310.0,134.0,325.0,8.2,90.0,0.0,5.0,4264.0,1809.0,1564.0
427,Lithium-ion,Volkswagen,SUV,543,AWD,CCS,ID.4 GTX,JC - Medium,https://ev-database.org/car/2030/Volkswagen-ID4-GTX,180.0,77.0,679.0,152.0,420.0,5.4,120.0,1200.0,5.0,4584.0,1852.0,1631.0
428,Lithium-ion,Volkswagen,SUV,543,RWD,CCS,ID.4 Pro,JC - Medium,https://ev-database.org/car/2028/Volkswagen-ID4-Pro,180.0,77.0,545.0,149.0,445.0,6.7,120.0,1000.0,5.0,4584.0,1852.0,1631.0
429,Lithium-ion,Volkswagen,SUV,543,AWD,CCS,ID.4 Pro 4MOTION,JC - Medium,https://ev-database.org/car/2029/Volkswagen-ID4-Pro-4MOTION,180.0,77.0,679.0,155.0,435.0,6.6,120.0,1200.0,5.0,4584.0,1852.0,1631.0
430,Lithium-ion,Volkswagen,SUV,543,RWD,CCS,ID.4 Pure,JC - Medium,https://ev-database.org/car/2027/Volkswagen-ID4-Pure,160.0,52.0,310.0,143.0,285.0,9.0,87.0,1000.0,5.0,4584.0,1852.0,1640.0
431,Lithium-ion,Volkswagen,SUV,549,AWD,CCS,ID.5 GTX,JC - Medium,https://ev-database.org/car/2033/Volkswagen-ID5-GTX,180.0,77.0,679.0,144.0,430.0,5.5,120.0,1200.0,5.0,4599.0,1852.0,1615.0
432,Lithium-ion,Volkswagen,SUV,549,RWD,CCS,ID.5 Pro,JC - Medium,https://ev-database.org/car/2031/Volkswagen-ID5-Pro,180.0,77.0,545.0,138.0,460.0,6.7,120.0,1000.0,5.0,4599.0,1852.0,1615.0
433,Lithium-ion,Volkswagen,SUV,549,RWD,CCS,ID.5 Pure,JC - Medium,https://ev-database.org/car/3080/Volkswagen-ID5-Pure,160.0,52.0,310.0,142.0,320.0,8.9,87.0,1000.0,5.0,4599.0,1852.0,1615.0
434,Lithium-ion,Volkswagen,Liftback Sedan,532,AWD,CCS,ID.7 GTX,E - Executive,https://ev-database.org/car/2216/Volkswagen-ID7-GTX,180.0,86.0,560.0,145.0,500.0,5.4,145.0,1200.0,5.0,4961.0,1862.0,1536.0
435,Lithium-ion,Volkswagen,Liftback Sedan,532,RWD,CCS,ID.7 Pro,E - Executive,https://ev-database.org/car/1839/Volkswagen-ID7-Pro,180.0,77.0,550.0,132.0,475.0,6.5,125.0,1000.0,5.0,4961.0,1862.0,1536.0
436,Lithium-ion,Volkswagen,Liftback Sedan,532,RWD,CCS,ID.7 Pro S,E - Executive,https://ev-database.org/car/1840/Volkswagen-ID7-Pro-S,180.0,86.0,550.0,133.0,525.0,6.6,145.0,1000.0,5.0,4961.0,1862.0,1536.0
437,Lithium-ion,Volkswagen,Station/Estate,605,AWD,CCS,ID.7 Tourer GTX,E - Executive,https://ev-database.org/car/2158/Volkswagen-ID7-Tourer-GTX,180.0,86.0,560.0,147.0,500.0,5.5,145.0,1200.0,5.0,4961.0,1862.0,1536.0
438,Lithium-ion,Volkswagen,Station/Estate,605,RWD,CCS,ID.7 Tourer Pro,E - Executive,https://ev-database.org/car/2118/Volkswagen-ID7-Tourer-Pro,180.0,77.0,550.0,146.0,470.0,6.6,125.0,1000.0,5.0,4961.0,1862.0,1536.0
439,Lithium-ion,Volkswagen,Station/Estate,605,RWD,CCS,ID.7 Tourer Pro S,E - Executive,https://ev-database.org/car/2119/Volkswagen-ID7-Tourer-Pro-S,180.0,86.0,550.0,125.0,520.0,6.7,145.0,1000.0,5.0,4961.0,1862.0,1536.0
440,Lithium-ion,Volvo,SUV,404,RWD,CCS,EC40 Single Motor (MY26),JC - Medium,https://ev-database.org/car/3154/Volvo-EC40-Single-Motor,180.0,67.0,420.0,151.0,360.0,7.3,110.0,1500.0,5.0,4440.0,1873.0,1596.0
441,Lithium-ion,Volvo,SUV,404,RWD,CCS,EC40 Single Motor ER (MY26),JC - Medium,https://ev-database.org/car/3155/Volvo-EC40-Single-Motor-ER,180.0,79.0,420.0,146.0,420.0,7.3,125.0,1500.0,5.0,4440.0,1873.0,1596.0
442,Lithium-ion,Volvo,SUV,404,AWD,CCS,EC40 Twin Motor (MY26),JC - Medium,https://ev-database.org/car/3156/Volvo-EC40-Twin-Motor,180.0,79.0,670.0,155.0,400.0,4.8,125.0,1800.0,5.0,4440.0,1873.0,1596.0
443,Lithium-ion,Volvo,SUV,404,AWD,CCS,EC40 Twin Motor Performance (MY26),JC - Medium,https://ev-database.org/car/3157/Volvo-EC40-Twin-Motor-Performance,180.0,79.0,670.0,155.0,400.0,4.6,125.0,1800.0,5.0,4440.0,1873.0,1596.0
444,Lithium-ion,Volvo,Liftback Sedan,446,RWD,CCS,ES90 Single Motor (MY26),F - Luxury,https://ev-database.org/car/3128/Volvo-ES90-Single-Motor,180.0,88.0,480.0,135.0,485.0,6.9,190.0,1600.0,5.0,5000.0,1942.0,1546.0
445,Lithium-ion,Volvo,Liftback Sedan,446,AWD,CCS,ES90 Twin Motor (MY26),F - Luxury,https://ev-database.org/car/3129/Volvo-ES90-Twin-Motor,180.0,102.0,670.0,146.0,530.0,5.5,225.0,2000.0,5.0,5000.0,1942.0,1546.0
446,Lithium-ion,Volvo,Liftback Sedan,446,AWD,CCS,ES90 Twin Motor Performance (MY26),F - Luxury,https://ev-database.org/car/3130/Volvo-ES90-Twin-Motor-Performance,180.0,102.0,870.0,146.0,530.0,4.0,225.0,2000.0,5.0,5000.0,1942.0,1546.0
447,Lithium-ion,Volvo,SUV,318,AWD,CCS,EX30 Cross Country (MY26),JB - Compact,https://ev-database.org/car/3118/Volvo-EX30-Cross-Country,180.0,65.0,543.0,152.0,330.0,3.7,114.0,1600.0,5.0,4233.0,1837.0,1573.0
448,Lithium-ion,Volvo,SUV,318,RWD,CCS,EX30 Single Motor (MY24-26),JB - Compact,https://ev-database.org/car/1909/Volvo-EX30-Single-Motor,180.0,49.0,343.0,147.0,275.0,5.7,80.0,1000.0,5.0,4233.0,1837.0,1549.0
449,Lithium-ion,Volvo,SUV,318,RWD,CCS,EX30 Single Motor ER (MY24-26),JB - Compact,https://ev-database.org/car/1910/Volvo-EX30-Single-Motor-ER,180.0,65.0,343.0,138.0,365.0,5.3,113.0,1600.0,5.0,4233.0,1837.0,1549.0
450,Lithium-ion,Volvo,SUV,318,AWD,CCS,EX30 Twin Motor Performance (MY24-26),JB - Compact,https://ev-database.org/car/1911/Volvo-EX30-Twin-Motor-Performance,180.0,65.0,543.0,145.0,340.0,3.6,113.0,1600.0,5.0,4233.0,1837.0,1549.0
451,Lithium-ion,Volvo,SUV,410,RWD,CCS,EX40 Single Motor (MY26),JC - Medium,https://ev-database.org/car/3158/Volvo-EX40-Single-Motor,180.0,67.0,420.0,154.0,345.0,7.3,110.0,1500.0,5.0,4440.0,1863.0,1652.0
452,Lithium-ion,Volvo,SUV,410,RWD,CCS,EX40 Single Motor ER (MY26),JC - Medium,https://ev-database.org/car/3159/Volvo-EX40-Single-Motor-ER,180.0,79.0,420.0,152.0,400.0,7.3,125.0,1500.0,5.0,4440.0,1863.0,1652.0
453,Lithium-ion,Volvo,SUV,410,AWD,CCS,EX40 Twin Motor (MY26),JC - Medium,https://ev-database.org/car/3160/Volvo-EX40-Twin-Motor,180.0,79.0,670.0,163.0,385.0,4.8,125.0,1800.0,5.0,4440.0,1863.0,1652.0
454,Lithium-ion,Volvo,SUV,410,AWD,CCS,EX40 Twin Motor Performance (MY26),JC - Medium,https://ev-database.org/car/3161/Volvo-EX40-Twin-Motor-Performance,180.0,79.0,670.0,163.0,385.0,4.6,125.0,1800.0,5.0,4440.0,1863.0,1652.0
455,Lithium-ion,Volvo,SUV,310,RWD,CCS,EX90 Single Motor (MY24-26),JF - Luxury,https://ev-database.org/car/1950/Volvo-EX90-Single-Motor,180.0,100.0,490.0,182.0,460.0,8.4,140.0,1200.0,7.0,5037.0,1964.0,1744.0
456,Lithium-ion,Volvo,SUV,310,AWD,CCS,EX90 Twin Motor (MY24-26),JF - Luxury,https://ev-database.org/car/1775/Volvo-EX90-Twin-Motor,180.0,107.0,770.0,188.0,470.0,5.9,150.0,2200.0,7.0,5037.0,1964.0,1744.0
457,Lithium-ion,Volvo,SUV,310,AWD,CCS,EX90 Twin Motor Performance (MY24-26),JF - Luxury,https://ev-database.org/car/1776/Volvo-EX90-Twin-Motor-Performance,180.0,107.0,910.0,188.0,455.0,4.9,150.0,2200.0,7.0,5037.0,1964.0,1744.0
458,Lithium-ion,Voyah,SUV,550,AWD,CCS,Free 106 kWh,JE - Executive,https://ev-database.org/car/2049/Voyah-Free-106-kWh,200.0,100.0,720.0,200.0,480.0,4.4,80.0,2000.0,5.0,4905.0,1950.0,1645.0
459,Lithium-ion,XPENG,SUV,571,AWD,CCS,G6 AWD Performance,JD - Large,https://ev-database.org/car/2183/XPENG-G6-AWD-Performance,200.0,87.5,660.0,159.0,475.0,4.1,180.0,1500.0,5.0,4753.0,1920.0,1650.0
460,Lithium-ion,XPENG,SUV,571,RWD,CCS,G6 RWD Long Range,JD - Large,https://ev-database.org/car/2182/XPENG-G6-RWD-Long-Range,200.0,87.5,440.0,154.0,480.0,6.7,180.0,1500.0,5.0,4753.0,1920.0,1650.0
461,Lithium-ion,XPENG,SUV,571,RWD,CCS,G6 RWD Standard Range,JD - Large,https://ev-database.org/car/2181/XPENG-G6-RWD-Standard-Range,200.0,66.0,440.0,152.0,370.0,6.9,140.0,1500.0,5.0,4753.0,1920.0,1650.0
462,Lithium-ion,XPENG,SUV,660,AWD,CCS,G9 AWD Performance,JE - Executive,https://ev-database.org/car/1826/XPENG-G9-AWD-Performance,200.0,93.1,717.0,179.0,465.0,3.9,224.0,1500.0,5.0,4891.0,1937.0,1670.0
463,Lithium-ion,XPENG,SUV,660,RWD,CCS,G9 RWD Long Range,JE - Executive,https://ev-database.org/car/1825/XPENG-G9-RWD-Long-Range,200.0,93.1,430.0,163.0,480.0,6.4,224.0,1500.0,5.0,4891.0,1937.0,1670.0
464,Lithium-ion,XPENG,SUV,660,RWD,CCS,G9 RWD Standard Range,JE - Executive,https://ev-database.org/car/1824/XPENG-G9-RWD-Standard-Range,200.0,75.8,430.0,165.0,395.0,6.4,170.0,1500.0,5.0,4891.0,1937.0,1680.0
465,Lithium-ion,XPENG,Sedan,440,AWD,CCS,P7 AWD Performance,E - Executive,https://ev-database.org/car/1822/XPENG-P7-AWD-Performance,200.0,82.7,757.0,164.0,460.0,4.1,138.0,0.0,5.0,4888.0,1896.0,1450.0
466,Lithium-ion,XPENG,Sedan,440,RWD,CCS,P7 RWD Long Range,E - Executive,https://ev-database.org/car/1821/XPENG-P7-RWD-Long-Range,200.0,82.7,440.0,144.0,495.0,6.7,138.0,0.0,5.0,4888.0,1896.0,1450.0
467,Lithium-ion,XPENG,Sedan,440,AWD,CCS,P7 Wing Edition,E - Executive,https://ev-database.org/car/1823/XPENG-P7-Wing-Edition,200.0,82.7,757.0,164.0,455.0,4.1,138.0,0.0,5.0,4888.0,1896.0,1450.0
468,Lithium-ion,Zeekr,Liftback Sedan,539,RWD,CCS,001 Long Range RWD,E - Executive,https://ev-database.org/car/1933/Zeekr-001-Long-Range-RWD,200.0,94.0,343.0,152.0,505.0,7.2,135.0,1500.0,5.0,4955.0,1999.0,1560.0
469,Lithium-ion,Zeekr,Liftback Sedan,539,AWD,CCS,001 Performance AWD,E - Executive,https://ev-database.org/car/1934/Zeekr-001-Performance-AWD,200.0,94.0,686.0,159.0,480.0,3.8,135.0,2000.0,5.0,4955.0,1999.0,1560.0
470,Lithium-ion,Zeekr,Liftback Sedan,539,AWD,CCS,001 Privilege AWD,E - Executive,https://ev-database.org/car/1935/Zeekr-001-Privilege-AWD,200.0,94.0,686.0,162.0,480.0,3.8,135.0,2000.0,5.0,4955.0,1999.0,1548.0
471,Lithium-ion,Zeekr,SUV,539,RWD,CCS,7X Long Range RWD,JD - Large,https://ev-database.org/car/3082/Zeekr-7X-Long-Range-RWD,210.0,94.0,440.0,153.0,475.0,6.0,260.0,2000.0,5.0,4787.0,1930.0,1650.0
472,Lithium-ion,Zeekr,SUV,539,AWD,CCS,7X Performance AWD,JD - Large,https://ev-database.org/car/3083/Zeekr-7X-Performance-AWD,210.0,94.0,710.0,173.0,450.0,3.8,260.0,2000.0,5.0,4787.0,1930.0,1650.0
473,Lithium-ion,Zeekr,SUV,539,RWD,CCS,7X Premium RWD,JD - Large,https://ev-database.org/car/3081/Zeekr-7X-Premium-RWD,210.0,71.0,440.0,148.0,365.0,6.0,240.0,2000.0,5.0,4787.0,1930.0,1650.0
474,Lithium-ion,Zeekr,SUV,362,RWD,CCS,X Core RWD (MY25),JB - Compact,https://ev-database.org/car/3197/Zeekr-X-Core-RWD,190.0,49.0,343.0,148.0,265.0,5.9,70.0,1600.0,5.0,4432.0,1836.0,1566.0
475,Lithium-ion,Zeekr,SUV,362,RWD,CCS,X Long Range RWD (MY25),JB - Compact,https://ev-database.org/car/3198/Zeekr-X-Long-Range-RWD,190.0,65.0,343.0,146.0,360.0,5.6,114.0,1600.0,5.0,4432.0,1836.0,1566.0
476,Lithium-ion,Zeekr,SUV,362,AWD,CCS,X Privilege AWD (MY25),JB - Compact,https://ev-database.org/car/3199/Zeekr-X-Privilege-AWD,190.0,65.0,543.0,153.0,350.0,3.8,114.0,1600.0,5.0,4432.0,1836.0,1566.0
477,Lithium-ion,firefly,Hatchback,404,RWD,CCS,,B - Compact,https://ev-database.org/car/3178/firefly-firefly,150.0,41.2,200.0,125.0,250.0,8.1,65.0,0.0,5.0,4003.0,1885.0,1557.0
